team_id,player_id,x_loc,y_loc,radius,game_clock,shot_clock,game_id,event_id,range_basic
1610612764,101162,-18.5213,-2.6682,0.0,688.39,6.89,21500139,2,Less Than 8 ft.
1610612764,101162,-18.0401,-0.0185,0.0,688.35,6.85,21500139,2,Less Than 8 ft.
1610612764,101162,-17.5644,2.7086,0.0,688.31,6.81,21500139,2,Less Than 8 ft.
1610612764,101162,-17.2004,5.1493,0.0,688.27,23.97,21500139,2,Less Than 8 ft.
1610612764,101162,-15.8861,7.5677,0.0,688.23,23.94,21500139,2,Less Than 8 ft.
1610612764,101162,-14.1697,9.7677,0.0,688.19,23.9,21500139,2,Less Than 8 ft.
1610612764,101162,-12.9856,12.195,0.0,688.15,23.86,21500139,2,Less Than 8 ft.
1610612764,101162,-11.9871,14.0856,0.0,688.11,23.82,21500139,2,Less Than 8 ft.
1610612764,101162,-11.2215,16.4223,0.0,688.07,23.79,21500139,2,Less Than 8 ft.
1610612764,101162,-9.9337,18.359,0.0,688.03,23.75,21500139,2,Less Than 8 ft.
1610612764,101162,-8.4991,19.6758,0.0,687.99,23.71,21500139,2,Less Than 8 ft.
1610612764,101162,-6.9299,21.0014,0.0,687.95,23.67,21500139,2,Less Than 8 ft.
1610612764,101162,-5.3807,23.0935,0.0,687.91,23.64,21500139,2,Less Than 8 ft.
1610612764,101162,-4.0836,25.2148,0.0,687.87,23.6,21500139,2,Less Than 8 ft.
1610612764,101162,-3.0753,27.5916,0.0,687.83,23.56,21500139,2,Less Than 8 ft.
1610612764,101162,-1.5392,29.8544,0.0,687.79,23.52,21500139,2,Less Than 8 ft.
1610612764,101162,-0.3153,32.2064,0.0,687.75,23.49,21500139,2,Less Than 8 ft.
1610612764,101162,0.8686,34.8777,0.0,687.71,23.45,21500139,2,Less Than 8 ft.
1610612764,101162,1.9427,38.0701,0.0,687.67,23.41,21500139,2,Less Than 8 ft.
1610612764,101162,1.6731,41.6089,0.0,687.63,23.37,21500139,2,Less Than 8 ft.
1610612764,101162,1.1359,45.5887,0.0,687.59,23.34,21500139,2,Less Than 8 ft.
1610612764,101162,0.659,49.5806,0.0,687.55,23.3,21500139,2,Less Than 8 ft.
1610612764,101162,1.2303,54.2968,0.0,687.51,23.26,21500139,2,Less Than 8 ft.
1610612764,101162,1.3989,59.1454,0.0,687.47,23.22,21500139,2,Less Than 8 ft.
1610612764,101162,1.3843,64.3081,0.0,687.43,23.19,21500139,2,Less Than 8 ft.
1610612764,101162,1.5717,69.9091,0.0,687.39,23.15,21500139,2,Less Than 8 ft.
1610612764,101162,1.6786,75.8095,0.0,687.35,23.11,21500139,2,Less Than 8 ft.
1610612764,101162,2.1504,81.3743,0.0,687.31,23.07,21500139,2,8-16 ft.
1610612764,101162,2.2816,86.7825,0.0,687.27,23.04,21500139,2,8-16 ft.
1610612764,101162,2.5882,92.388,0.0,687.23,23.0,21500139,2,8-16 ft.
1610612764,101162,3.007,98.5329,0.0,687.19,22.96,21500139,2,8-16 ft.
1610612764,101162,3.3383,105.0762,0.0,687.15,22.92,21500139,2,8-16 ft.
1610612764,101162,3.6261,111.5906,0.0,687.11,22.89,21500139,2,8-16 ft.
1610612764,101162,3.8426,118.1813,0.0,687.07,22.85,21500139,2,8-16 ft.
1610612764,101162,4.5079,124.8485,0.0,687.03,22.81,21500139,2,8-16 ft.
1610612764,101162,4.6817,131.6319,0.0,686.99,22.77,21500139,2,8-16 ft.
1610612764,101162,4.9084,138.4017,0.0,686.95,22.73,21500139,2,8-16 ft.
1610612764,101162,4.4366,144.4251,0.0,686.91,22.7,21500139,2,8-16 ft.
1610612764,101162,4.6239,150.2144,0.0,686.87,22.66,21500139,2,8-16 ft.
1610612764,101162,4.8228,155.9678,0.0,686.83,22.62,21500139,2,8-16 ft.
1610612764,101162,5.0069,162.1504,0.0,686.79,22.59,21500139,2,16-24 ft.
1610612764,101162,5.1901,168.836,0.0,686.75,22.55,21500139,2,16-24 ft.
1610612764,101162,5.3665,175.3098,0.0,686.71,22.51,21500139,2,16-24 ft.
1610612764,101162,5.7832,182.5005,0.0,686.67,22.47,21500139,2,16-24 ft.
1610612764,101162,6.0059,188.8588,0.0,686.63,22.44,21500139,2,16-24 ft.
1610612764,101162,5.6283,195.1332,0.0,686.59,22.4,21500139,2,16-24 ft.
1610612764,101162,5.4738,201.2511,0.0,686.55,22.36,21500139,2,16-24 ft.
1610612764,101162,5.426,207.7802,0.0,686.51,22.32,21500139,2,16-24 ft.
1610612764,101162,5.485,214.7204,0.0,686.47,22.29,21500139,2,16-24 ft.
1610612764,101162,5.4301,221.6896,0.0,686.43,22.25,21500139,2,16-24 ft.
1610612764,101162,5.1323,228.6841,0.0,686.39,22.21,21500139,2,16-24 ft.
1610612764,101162,4.7244,235.8459,0.0,686.35,22.17,21500139,2,16-24 ft.
1610612764,101162,4.514,243.7957,0.0,686.31,22.14,21500139,2,24+ ft.
1610612764,101162,4.1016,252.0086,0.0,686.27,22.1,21500139,2,24+ ft.
1610612764,101162,3.7663,259.9772,0.0,686.23,22.06,21500139,2,24+ ft.
1610612764,101162,3.3496,267.8653,0.0,686.19,22.02,21500139,2,24+ ft.
1610612764,101162,2.7506,275.4324,0.0,686.15,21.99,21500139,2,24+ ft.
1610612764,101162,1.8898,283.4375,0.0,686.11,21.95,21500139,2,24+ ft.
1610612764,101162,1.2244,291.2934,0.0,686.07,21.91,21500139,2,24+ ft.
1610612764,101162,0.4955,299.7699,0.0,686.03,21.87,21500139,2,24+ ft.
1610612764,101162,0.2257,307.9547,0.0,685.99,21.84,21500139,2,24+ ft.
1610612764,101162,-0.2159,316.1123,0.0,685.95,21.8,21500139,2,24+ ft.
1610612764,101162,-0.9531,324.0322,0.0,685.91,21.76,21500139,2,24+ ft.
1610612764,101162,-1.8903,331.5745,0.0,685.87,21.72,21500139,2,24+ ft.
1610612764,101162,-2.6602,339.1257,0.0,685.83,21.69,21500139,2,24+ ft.
1610612764,101162,-3.0999,346.6691,0.0,685.79,21.65,21500139,2,24+ ft.
1610612764,101162,-3.7006,354.0912,0.0,685.75,21.61,21500139,2,24+ ft.
1610612764,101162,-4.2948,361.3311,0.0,685.71,21.57,21500139,2,24+ ft.
1610612764,101162,-4.9191,368.4571,0.0,685.67,21.54,21500139,2,24+ ft.
1610612764,101162,-5.6849,375.9351,0.0,685.63,21.5,21500139,2,24+ ft.
1610612764,101162,-6.351,383.1025,0.0,685.59,21.46,21500139,2,24+ ft.
1610612764,101162,-6.9166,390.1685,0.0,685.55,21.42,21500139,2,24+ ft.
1610612764,101162,-7.5412,397.1973,0.0,685.51,21.38,21500139,2,24+ ft.
1610612764,101162,-8.1509,404.1235,0.0,685.47,21.35,21500139,2,24+ ft.
1610612764,101162,-8.6605,411.0949,0.0,685.43,21.31,21500139,2,24+ ft.
1610612764,101162,-9.292,418.1581,0.0,685.39,21.27,21500139,2,24+ ft.
1610612764,101162,9.9918,419.8567,0.0,685.35,21.23,21500139,2,24+ ft.
1610612764,101162,10.3518,413.0675,0.0,685.31,21.2,21500139,2,24+ ft.
1610612764,101162,10.5646,406.2943,0.0,685.27,21.16,21500139,2,24+ ft.
1610612764,101162,10.7965,399.4391,0.0,685.23,21.12,21500139,2,24+ ft.
1610612764,101162,11.2295,392.6389,0.0,685.19,21.08,21500139,2,24+ ft.
1610612764,101162,11.5569,385.8752,0.0,685.15,21.05,21500139,2,24+ ft.
1610612764,101162,12.0048,379.1157,0.0,685.11,21.01,21500139,2,24+ ft.
1610612764,101162,12.5094,372.6375,0.0,685.07,20.97,21500139,2,24+ ft.
1610612764,101162,12.9664,366.5237,0.0,685.03,20.93,21500139,2,24+ ft.
1610612764,101162,13.4377,360.4716,0.0,684.99,20.9,21500139,2,24+ ft.
1610612764,101162,13.8472,354.4542,0.0,684.95,20.86,21500139,2,24+ ft.
1610612764,101162,14.2648,348.5343,0.0,684.91,20.82,21500139,2,24+ ft.
1610612764,101162,14.6732,342.748,0.0,684.87,20.78,21500139,2,24+ ft.
1610612764,101162,15.1458,337.1988,0.0,684.83,20.75,21500139,2,24+ ft.
1610612764,101162,15.6607,331.7703,0.0,684.79,20.71,21500139,2,24+ ft.
1610612764,101162,16.103,326.5794,0.0,684.75,20.67,21500139,2,24+ ft.
1610612764,101162,16.6979,321.4942,0.0,684.71,20.63,21500139,2,24+ ft.
1610612764,101162,17.4027,316.5273,0.0,684.67,20.6,21500139,2,24+ ft.
1610612764,101162,18.2425,311.6981,0.0,684.63,20.56,21500139,2,24+ ft.
1610612764,101162,19.1244,306.9743,0.0,684.59,20.52,21500139,2,24+ ft.
1610612764,101162,19.9704,302.3626,0.0,684.55,20.48,21500139,2,24+ ft.
1610612764,101162,20.8294,297.9703,0.0,684.51,20.45,21500139,2,24+ ft.
1610612764,101162,21.6824,293.5761,0.0,684.47,20.41,21500139,2,24+ ft.
1610612764,101162,22.6415,289.1658,0.0,684.43,20.37,21500139,2,24+ ft.
1610612764,101162,23.7882,284.966,0.0,684.39,20.33,21500139,2,24+ ft.
1610612764,101162,24.9756,280.8771,0.0,684.35,20.3,21500139,2,24+ ft.
1610612764,101162,26.158,276.8819,0.0,684.31,20.26,21500139,2,24+ ft.
1610612764,101162,27.4051,272.9273,0.0,684.27,20.22,21500139,2,24+ ft.
1610612764,101162,28.7028,269.1296,0.0,684.23,20.18,21500139,2,24+ ft.
1610612764,101162,29.8567,265.3926,0.0,684.19,20.15,21500139,2,24+ ft.
1610612764,101162,30.9958,261.7122,0.0,684.15,20.11,21500139,2,24+ ft.
1610612764,101162,32.1061,258.144,0.0,684.11,20.07,21500139,2,24+ ft.
1610612764,101162,33.1772,254.7156,0.0,684.07,20.03,21500139,2,24+ ft.
1610612764,101162,34.2057,251.486,0.0,684.03,20.0,21500139,2,24+ ft.
1610612764,101162,35.2694,248.4974,0.0,683.99,19.96,21500139,2,24+ ft.
1610612764,101162,36.2722,245.6398,0.0,683.95,19.92,21500139,2,24+ ft.
1610612764,101162,37.2451,242.8484,0.0,683.91,19.88,21500139,2,24+ ft.
1610612764,101162,38.1553,240.2658,0.0,683.87,19.85,21500139,2,24+ ft.
1610612764,101162,39.0742,237.5429,0.0,683.83,19.81,21500139,2,24+ ft.
1610612764,101162,39.7548,234.9608,0.0,683.79,19.77,21500139,2,24+ ft.
1610612764,101162,40.1839,233.1611,0.0,683.75,19.73,21500139,2,16-24 ft.
1610612764,101162,40.6091,231.6372,0.0,683.71,19.7,21500139,2,16-24 ft.
1610612764,101162,40.9148,230.3917,0.0,683.67,19.66,21500139,2,16-24 ft.
1610612764,101162,41.149,229.2045,0.0,683.63,19.62,21500139,2,16-24 ft.
1610612764,101162,41.4248,228.2679,0.0,683.59,19.58,21500139,2,16-24 ft.
1610612764,101162,41.7036,227.3932,0.0,683.55,19.55,21500139,2,16-24 ft.
1610612764,101162,41.9712,226.6215,0.0,683.51,19.51,21500139,2,16-24 ft.
1610612764,101162,42.2075,225.9803,0.0,683.47,19.47,21500139,2,16-24 ft.
1610612764,101162,42.3351,225.4922,0.0,683.43,19.43,21500139,2,16-24 ft.
1610612764,101162,42.2889,225.5702,0.0,683.39,19.39,21500139,2,16-24 ft.
1610612764,101162,42.2448,225.8099,0.0,683.35,19.36,21500139,2,16-24 ft.
1610612764,101162,42.1657,226.2652,0.0,683.31,19.32,21500139,2,16-24 ft.
1610612764,101162,42.0785,226.5718,0.0,683.27,19.28,21500139,2,16-24 ft.
1610612764,101162,41.969,226.9004,0.0,683.23,19.24,21500139,2,16-24 ft.
1610612764,101162,41.8893,227.2926,0.0,683.19,19.21,21500139,2,16-24 ft.
1610612764,101162,42.0194,227.1539,0.0,683.15,19.17,21500139,2,16-24 ft.
1610612764,101162,42.1052,227.0562,0.0,683.11,19.13,21500139,2,16-24 ft.
1610612764,101162,42.2175,226.9936,0.0,683.07,19.09,21500139,2,16-24 ft.
1610612764,101162,42.3121,227.0646,0.0,683.03,19.06,21500139,2,16-24 ft.
1610612764,101162,42.4247,227.1686,0.0,682.99,19.02,21500139,2,16-24 ft.
1610612764,101162,42.4147,227.4301,0.0,682.95,18.98,21500139,2,16-24 ft.
1610612764,101162,42.5454,227.8805,0.0,682.91,18.94,21500139,2,16-24 ft.
1610612764,101162,42.7297,228.4355,0.0,682.87,18.91,21500139,2,16-24 ft.
1610612764,101162,42.9804,229.038,0.0,682.83,18.87,21500139,2,16-24 ft.
1610612764,101162,43.3555,229.219,0.0,682.79,18.83,21500139,2,16-24 ft.
1610612764,101162,43.662,229.2961,0.0,682.75,18.79,21500139,2,16-24 ft.
1610612764,101162,43.5841,229.232,0.0,682.71,18.76,21500139,2,16-24 ft.
1610612764,101162,43.8711,229.9148,0.0,682.67,18.72,21500139,2,16-24 ft.
1610612764,101162,43.6439,230.4523,0.0,682.63,18.68,21500139,2,16-24 ft.
1610612764,101162,43.3659,231.0893,0.0,682.59,18.64,21500139,2,16-24 ft.
1610612764,101162,43.0056,231.5342,0.0,682.55,18.61,21500139,2,16-24 ft.
1610612764,101162,42.6848,232.0852,0.0,682.51,18.57,21500139,2,16-24 ft.
1610612764,101162,42.9241,232.9761,0.0,682.47,18.53,21500139,2,16-24 ft.
1610612764,101162,43.6669,233.8468,0.0,682.43,18.49,21500139,2,24+ ft.
1610612764,101162,43.7604,234.7284,0.0,682.39,18.46,21500139,2,24+ ft.
1610612764,101162,44.379,236.0933,0.0,682.35,18.42,21500139,2,24+ ft.
1610612764,101162,45.1111,237.3298,0.0,682.31,18.38,21500139,2,24+ ft.
1610612764,101162,45.6787,238.5952,0.0,682.27,18.34,21500139,2,24+ ft.
1610612764,101162,45.8791,239.7536,0.0,682.23,18.31,21500139,2,24+ ft.
1610612764,101162,45.7938,241.6291,0.0,682.19,18.27,21500139,2,24+ ft.
1610612764,101162,45.8397,243.4476,0.0,682.15,18.23,21500139,2,24+ ft.
1610612764,101162,45.9894,245.4802,0.0,682.11,18.19,21500139,2,24+ ft.
1610612764,101162,45.3831,246.6752,0.0,682.07,18.16,21500139,2,24+ ft.
1610612764,101162,45.3481,248.7085,0.0,682.03,18.12,21500139,2,24+ ft.
1610612764,101162,45.3498,250.7279,0.0,681.99,18.08,21500139,2,24+ ft.
1610612764,101162,45.042,252.8635,0.0,681.95,18.04,21500139,2,24+ ft.
1610612764,101162,44.468,254.6075,0.0,681.91,18.01,21500139,2,24+ ft.
1610612764,101162,43.4605,256.3457,0.0,681.87,17.97,21500139,2,24+ ft.
1610612764,101162,42.1048,257.5276,0.0,681.83,17.93,21500139,2,24+ ft.
1610612764,101162,40.9156,259.1877,0.0,681.79,17.89,21500139,2,24+ ft.
1610612764,101162,39.1387,260.5271,0.0,681.75,17.86,21500139,2,24+ ft.
1610612764,101162,37.1082,261.3765,0.0,681.71,17.82,21500139,2,24+ ft.
1610612764,101162,35.2011,262.902,0.0,681.67,17.78,21500139,2,24+ ft.
1610612764,101162,33.4236,264.0964,0.0,681.63,17.74,21500139,2,24+ ft.
1610612764,101162,32.1593,263.8302,0.0,681.59,17.71,21500139,2,24+ ft.
1610612764,101162,30.7546,263.7346,0.0,681.55,17.67,21500139,2,24+ ft.
1610612764,101162,29.302,263.4068,0.0,681.51,17.63,21500139,2,24+ ft.
1610612764,101162,28.1928,263.3159,0.0,681.47,17.59,21500139,2,24+ ft.
1610612764,101162,27.0028,262.6214,0.0,681.43,17.56,21500139,2,24+ ft.
1610612764,101162,25.6142,262.0176,0.0,681.39,17.52,21500139,2,24+ ft.
1610612764,101162,24.7709,261.4304,0.0,681.35,17.48,21500139,2,24+ ft.
1610612764,101162,24.3294,261.0148,0.0,681.31,17.44,21500139,2,24+ ft.
1610612764,101162,23.5404,260.3686,0.0,681.27,17.4,21500139,2,24+ ft.
1610612764,101162,22.5916,260.3156,0.0,681.23,17.37,21500139,2,24+ ft.
1610612764,101162,22.4822,259.929,0.0,681.19,17.33,21500139,2,24+ ft.
1610612764,101162,22.358,258.868,0.0,681.15,17.29,21500139,2,24+ ft.
1610612764,101162,21.8988,258.968,0.0,681.11,17.25,21500139,2,24+ ft.
1610612764,101162,21.205,258.431,0.0,681.07,17.22,21500139,2,24+ ft.
1610612764,101162,20.5732,258.5827,0.0,681.03,17.18,21500139,2,24+ ft.
1610612764,101162,19.5279,260.2059,0.0,680.99,17.14,21500139,2,24+ ft.
1610612764,101162,18.4825,261.5256,0.0,680.95,17.1,21500139,2,24+ ft.
1610612764,101162,17.6084,263.1826,0.0,680.91,17.07,21500139,2,24+ ft.
1610612764,101162,16.6894,264.9589,0.0,680.87,17.03,21500139,2,24+ ft.
1610612764,101162,15.4733,267.0632,0.0,680.83,16.99,21500139,2,24+ ft.
1610612764,101162,14.6668,268.3429,0.0,680.79,16.96,21500139,2,24+ ft.
1610612764,101162,13.418,269.7244,0.0,680.75,16.92,21500139,2,24+ ft.
1610612764,101162,11.8666,271.4318,0.0,680.71,16.88,21500139,2,24+ ft.
1610612764,101162,10.4568,273.005,0.0,680.67,16.84,21500139,2,24+ ft.
1610612764,101162,9.1152,274.4026,0.0,680.63,16.8,21500139,2,24+ ft.
1610612764,101162,7.235,275.7394,0.0,680.59,16.77,21500139,2,24+ ft.
1610612764,101162,5.6016,276.6868,0.0,680.55,16.73,21500139,2,24+ ft.
1610612764,101162,3.8355,277.3266,0.0,680.51,16.69,21500139,2,24+ ft.
1610612764,101162,2.542,277.5711,0.0,680.47,16.65,21500139,2,24+ ft.
1610612764,101162,1.7453,277.0133,0.0,680.43,16.62,21500139,2,24+ ft.
1610612764,101162,1.0349,275.4588,0.0,680.39,16.58,21500139,2,24+ ft.
1610612764,101162,0.0185,274.2243,0.0,680.35,16.54,21500139,2,24+ ft.
1610612764,101162,-1.2853,272.7511,0.0,680.31,16.5,21500139,2,24+ ft.
1610612764,101162,-2.3888,270.8892,0.0,680.27,16.47,21500139,2,24+ ft.
1610612764,101162,-3.4321,268.9154,0.0,680.23,16.43,21500139,2,24+ ft.
1610612764,101162,-5.0054,267.4215,0.0,680.19,16.39,21500139,2,24+ ft.
1610612764,101162,-6.3997,265.7533,0.0,680.15,16.35,21500139,2,24+ ft.
1610612764,101162,-8.0922,264.0554,0.0,680.11,16.32,21500139,2,24+ ft.
1610612764,101162,-9.823,262.2657,0.0,680.07,16.28,21500139,2,24+ ft.
1610612764,101162,-11.791,259.9078,0.0,680.03,16.24,21500139,2,24+ ft.
1610612764,101162,-13.7966,257.3691,0.0,679.99,16.2,21500139,2,24+ ft.
1610612764,101162,-16.057,255.7847,0.0,679.95,16.17,21500139,2,24+ ft.
1610612764,101162,-18.3393,253.8634,0.0,679.91,16.13,21500139,2,24+ ft.
1610612764,101162,-21.6156,252.5074,0.0,679.87,16.09,21500139,2,24+ ft.
1610612764,101162,-25.386,251.4593,0.0,679.83,16.05,21500139,2,24+ ft.
1610612764,101162,-29.405,250.4942,0.0,679.79,16.02,21500139,2,24+ ft.
1610612764,101162,-33.4155,249.2402,0.0,679.75,15.98,21500139,2,24+ ft.
1610612764,101162,-37.3063,248.0595,0.0,679.71,15.94,21500139,2,24+ ft.
1610612764,101162,-41.295,247.0776,0.0,679.67,15.9,21500139,2,24+ ft.
1610612764,101162,-45.2015,246.0264,0.0,679.63,15.87,21500139,2,24+ ft.
1610612764,101162,-49.0266,245.0336,0.0,679.59,15.83,21500139,2,24+ ft.
1610612764,101162,-52.7534,243.4612,0.0,679.55,15.79,21500139,2,24+ ft.
1610612764,101162,-56.0445,240.9406,0.0,679.51,15.75,21500139,2,24+ ft.
1610612764,101162,-59.1461,238.3597,0.0,679.47,15.72,21500139,2,24+ ft.
1610612764,101162,-62.3247,236.2252,0.0,679.43,15.68,21500139,2,24+ ft.
1610612764,101162,-65.5817,233.7963,0.0,679.39,15.64,21500139,2,24+ ft.
1610612764,101162,-68.837,231.1062,0.0,679.35,15.6,21500139,2,24+ ft.
1610612764,101162,-71.7385,228.1028,0.0,679.31,15.57,21500139,2,24+ ft.
1610612764,101162,-74.0601,224.7913,0.0,679.27,15.53,21500139,2,16-24 ft.
1610612764,101162,-76.3693,221.4682,0.0,679.23,15.49,21500139,2,16-24 ft.
1610612764,101162,-78.3699,218.2372,0.0,679.19,15.45,21500139,2,16-24 ft.
1610612764,101162,-79.97,215.1832,0.0,679.15,15.42,21500139,2,16-24 ft.
1610612764,101162,-81.5761,212.3408,0.0,679.11,15.38,21500139,2,16-24 ft.
1610612764,101162,-83.1969,209.417,0.0,679.07,15.34,21500139,2,16-24 ft.
1610612764,101162,-84.628,206.3604,0.0,679.03,15.3,21500139,2,16-24 ft.
1610612764,101162,-85.8067,203.325,0.0,678.99,15.26,21500139,2,16-24 ft.
1610612764,101162,-87.0301,200.8882,0.0,678.95,15.23,21500139,2,16-24 ft.
1610612764,101162,-88.3143,198.9426,0.0,678.91,15.19,21500139,2,16-24 ft.
1610612764,101162,-89.79,197.0299,0.0,678.87,15.15,21500139,2,16-24 ft.
1610612764,101162,-90.8776,194.8727,0.0,678.83,15.11,21500139,2,16-24 ft.
1610612764,101162,-91.6501,192.8242,0.0,678.79,15.08,21500139,2,16-24 ft.
1610612764,101162,-92.1795,190.7092,0.0,678.75,15.04,21500139,2,16-24 ft.
1610612764,101162,-92.4852,188.721,0.0,678.71,15.0,21500139,2,16-24 ft.
1610612764,101162,-92.6063,186.5291,0.0,678.67,14.97,21500139,2,16-24 ft.
1610612764,101162,-92.5145,184.2659,0.0,678.63,14.93,21500139,2,16-24 ft.
1610612764,101162,-92.3865,181.8634,0.0,678.59,14.89,21500139,2,16-24 ft.
1610612764,101162,-92.1616,179.2937,0.0,678.55,14.85,21500139,2,16-24 ft.
1610612764,101162,-91.5414,176.3686,0.0,678.51,14.82,21500139,2,16-24 ft.
1610612764,101162,-90.7749,173.4944,0.0,678.47,14.78,21500139,2,16-24 ft.
1610612764,101162,-89.9903,170.6821,0.0,678.43,14.74,21500139,2,16-24 ft.
1610612764,101162,-89.1725,167.9194,0.0,678.39,14.7,21500139,2,16-24 ft.
1610612764,101162,-88.1548,165.0798,0.0,678.35,14.66,21500139,2,16-24 ft.
1610612764,101162,-86.9061,162.2606,0.0,678.31,14.63,21500139,2,16-24 ft.
1610612764,101162,-85.5567,159.379,0.0,678.27,14.59,21500139,2,16-24 ft.
1610612764,101162,-84.2652,156.7993,0.0,678.23,14.55,21500139,2,16-24 ft.
1610612764,101162,-82.8986,154.294,0.0,678.19,14.51,21500139,2,16-24 ft.
1610612764,101162,-81.5306,151.7222,0.0,678.15,14.48,21500139,2,16-24 ft.
1610612764,101162,-80.2005,149.1381,0.0,678.11,14.44,21500139,2,16-24 ft.
1610612764,101162,-78.754,146.594,0.0,678.07,14.4,21500139,2,16-24 ft.
1610612764,101162,-77.4066,144.18,0.0,678.03,14.36,21500139,2,16-24 ft.
1610612764,101162,-75.937,141.7935,0.0,677.99,14.33,21500139,2,16-24 ft.
1610612764,101162,-74.5111,139.5079,0.0,677.95,14.29,21500139,2,8-16 ft.
1610612764,101162,-73.1353,137.2146,0.0,677.91,14.25,21500139,2,8-16 ft.
1610612764,101162,-71.7422,134.8806,0.0,677.87,14.21,21500139,2,8-16 ft.
1610612764,101162,-70.3608,132.8162,0.0,677.83,14.18,21500139,2,8-16 ft.
1610612764,101162,-68.8954,130.6445,0.0,677.79,14.14,21500139,2,8-16 ft.
1610612764,101162,-67.4524,128.532,0.0,677.75,14.1,21500139,2,8-16 ft.
1610612764,101162,-66.1126,126.4737,0.0,677.71,14.06,21500139,2,8-16 ft.
1610612764,101162,-64.77,124.2476,0.0,677.67,14.03,21500139,2,8-16 ft.
1610612764,101162,-63.3995,122.062,0.0,677.63,13.99,21500139,2,8-16 ft.
1610612764,101162,-62.1045,119.8782,0.0,677.59,13.95,21500139,2,8-16 ft.
1610612764,101162,-60.3264,118.2001,0.0,677.55,13.91,21500139,2,8-16 ft.
1610612764,101162,-58.4329,116.5685,0.0,677.51,13.88,21500139,2,8-16 ft.
1610612764,101162,-56.6045,115.0222,0.0,677.47,13.84,21500139,2,8-16 ft.
1610612764,101162,-54.9295,113.1532,0.0,677.43,13.8,21500139,2,8-16 ft.
1610612764,101162,-53.2128,111.3503,0.0,677.39,13.76,21500139,2,8-16 ft.
1610612764,101162,-51.4495,109.6768,0.0,677.35,13.73,21500139,2,8-16 ft.
1610612764,101162,-49.6441,108.1129,0.0,677.31,13.69,21500139,2,8-16 ft.
1610612764,101162,-47.8548,106.6448,0.0,677.27,13.65,21500139,2,8-16 ft.
1610612764,101162,-46.0802,104.9704,0.0,677.23,13.61,21500139,2,8-16 ft.
1610612764,101162,-44.2698,103.3386,0.0,677.19,13.58,21500139,2,8-16 ft.
1610612764,101162,-42.4788,101.7797,0.0,677.15,13.54,21500139,2,8-16 ft.
1610612764,101162,-40.607,100.315,0.0,677.11,13.5,21500139,2,8-16 ft.
1610612764,101162,-38.6307,99.0951,0.0,677.07,13.46,21500139,2,8-16 ft.
1610612764,101162,-36.5947,97.9451,0.0,677.03,13.43,21500139,2,8-16 ft.
1610612764,101162,-34.4717,97.0565,0.0,676.99,13.39,21500139,2,8-16 ft.
1610612764,101162,-32.8233,96.079,0.0,676.95,13.35,21500139,2,8-16 ft.
1610612764,101162,-31.2875,95.3938,0.0,676.91,13.31,21500139,2,8-16 ft.
1610612764,101162,-29.6921,94.9513,0.0,676.87,23.98,21500139,2,8-16 ft.
1610612764,101162,-27.7893,95.1171,0.0,676.83,23.94,21500139,2,8-16 ft.
1610612764,101162,-25.9267,95.5264,0.0,676.79,23.9,21500139,2,8-16 ft.
1610612764,101162,-24.0998,96.0839,0.0,676.75,23.87,21500139,2,8-16 ft.
1610612764,101162,-22.1081,96.7124,0.0,676.71,23.83,21500139,2,8-16 ft.
1610612764,101162,-20.1419,97.5,0.0,676.67,23.8,21500139,2,8-16 ft.
1610612764,101162,-18.2183,98.6368,0.0,676.63,23.76,21500139,2,8-16 ft.
1610612764,101162,-16.3792,99.6714,0.0,676.59,23.73,21500139,2,8-16 ft.
1610612764,101162,-14.496,101.0389,0.0,676.55,23.69,21500139,2,8-16 ft.
1610612764,101162,-12.5011,103.1902,0.0,676.51,23.65,21500139,2,8-16 ft.
1610612764,101162,-10.4995,105.6825,0.0,676.47,23.62,21500139,2,8-16 ft.
1610612764,101162,-8.587,108.5724,0.0,676.43,23.58,21500139,2,8-16 ft.
1610612764,101162,-6.7494,111.6307,0.0,676.39,23.55,21500139,2,8-16 ft.
1610612764,101162,-4.8084,114.7669,0.0,676.35,23.51,21500139,2,8-16 ft.
1610612764,101162,-2.8092,118.1586,0.0,676.31,23.47,21500139,2,8-16 ft.
1610612764,101162,-0.8467,121.7426,0.0,676.27,23.44,21500139,2,8-16 ft.
1610612764,101162,1.0049,125.5211,0.0,676.23,23.4,21500139,2,8-16 ft.
1610612764,101162,2.7788,129.4259,0.0,676.19,23.37,21500139,2,8-16 ft.
1610612764,101162,4.5449,133.5338,0.0,676.15,23.33,21500139,2,8-16 ft.
1610612764,101162,6.1657,137.8352,0.0,676.11,23.3,21500139,2,8-16 ft.
1610612764,101162,7.896,142.317,0.0,676.07,23.26,21500139,2,8-16 ft.
1610612764,101162,9.6197,146.8183,0.0,676.03,23.22,21500139,2,8-16 ft.
1610612764,101162,11.4254,151.8449,0.0,675.99,23.19,21500139,2,8-16 ft.
1610612764,101162,13.1739,156.9746,0.0,675.95,23.15,21500139,2,8-16 ft.
1610612764,101162,14.631,161.6321,0.0,675.91,23.12,21500139,2,16-24 ft.
1610612764,101162,16.1543,166.5113,0.0,675.87,23.08,21500139,2,16-24 ft.
1610612764,101162,17.6366,171.4089,0.0,675.83,23.04,21500139,2,16-24 ft.
1610612764,101162,19.1511,176.3817,0.0,675.79,23.01,21500139,2,16-24 ft.
1610612764,101162,20.5941,181.4186,0.0,675.75,22.97,21500139,2,16-24 ft.
1610612764,101162,21.8802,186.8409,0.0,675.71,22.94,21500139,2,16-24 ft.
1610612764,101162,23.1545,192.0938,0.0,675.67,22.9,21500139,2,16-24 ft.
1610612764,101162,24.3678,197.5877,0.0,675.63,22.86,21500139,2,16-24 ft.
1610612764,101162,25.4847,203.3987,0.0,675.59,22.83,21500139,2,16-24 ft.
1610612764,101162,26.5911,209.0253,0.0,675.55,22.79,21500139,2,16-24 ft.
1610612764,101162,27.6847,214.6186,0.0,675.51,22.76,21500139,2,16-24 ft.
1610612764,101162,28.5413,220.4622,0.0,675.47,22.72,21500139,2,16-24 ft.
1610612764,101162,29.3696,226.406,0.0,675.43,22.69,21500139,2,16-24 ft.
1610612764,101162,30.0826,232.4532,0.0,675.39,22.65,21500139,2,24+ ft.
1610612764,101162,30.8883,238.7478,0.0,675.35,22.61,21500139,2,24+ ft.
1610612764,101162,31.7652,245.1891,0.0,675.31,22.58,21500139,2,24+ ft.
1610612764,101162,32.4106,251.5769,0.0,675.27,22.54,21500139,2,24+ ft.
1610612764,101162,33.0413,257.9153,0.0,675.23,22.5,21500139,2,24+ ft.
1610612764,101162,33.5735,264.1271,0.0,675.19,22.47,21500139,2,24+ ft.
1610612764,101162,34.0088,270.4516,0.0,675.15,22.43,21500139,2,24+ ft.
1610612764,101162,34.5559,276.6469,0.0,675.11,22.4,21500139,2,24+ ft.
1610612764,101162,34.9978,283.0962,0.0,675.07,22.36,21500139,2,24+ ft.
1610612764,101162,35.4531,289.4189,0.0,675.03,22.33,21500139,2,24+ ft.
1610612764,101162,35.9487,295.6453,0.0,674.99,22.29,21500139,2,24+ ft.
1610612764,101162,36.344,302.206,0.0,674.95,22.25,21500139,2,24+ ft.
1610612764,101162,36.564,308.9504,0.0,674.91,22.22,21500139,2,24+ ft.
1610612764,101162,36.8352,315.5681,0.0,674.87,22.18,21500139,2,24+ ft.
1610612764,101162,37.0725,322.288,0.0,674.83,22.15,21500139,2,24+ ft.
1610612764,101162,37.318,329.038,0.0,674.79,22.11,21500139,2,24+ ft.
1610612764,101162,37.3226,335.6017,0.0,674.75,22.07,21500139,2,24+ ft.
1610612764,101162,37.2914,342.2069,0.0,674.71,22.04,21500139,2,24+ ft.
1610612764,101162,37.2298,348.869,0.0,674.67,22.0,21500139,2,24+ ft.
1610612764,101162,37.14,355.6623,0.0,674.63,21.97,21500139,2,24+ ft.
1610612764,101162,37.095,362.7126,0.0,674.59,21.93,21500139,2,24+ ft.
1610612764,101162,37.0718,369.7838,0.0,674.55,21.89,21500139,2,24+ ft.
1610612764,101162,36.991,376.6686,0.0,674.51,21.86,21500139,2,24+ ft.
1610612764,101162,37.0007,383.4375,0.0,674.47,21.82,21500139,2,24+ ft.
1610612764,101162,37.0524,390.2073,0.0,674.43,21.79,21500139,2,24+ ft.
1610612764,101162,37.1182,396.9158,0.0,674.39,21.75,21500139,2,24+ ft.
1610612764,101162,37.1518,403.6456,0.0,674.35,21.72,21500139,2,24+ ft.
1610612764,101162,37.2623,410.4614,0.0,674.31,21.68,21500139,2,24+ ft.
1610612764,101162,37.2712,417.3835,0.0,674.27,21.64,21500139,2,24+ ft.
1610612764,101162,-37.3387,420.7056,0.0,674.23,21.61,21500139,2,24+ ft.
1610612764,101162,-37.4572,413.8463,0.0,674.19,21.57,21500139,2,24+ ft.
1610612764,101162,-37.5903,406.9944,0.0,674.15,21.54,21500139,2,24+ ft.
1610612764,101162,-37.7304,400.1537,0.0,674.11,21.5,21500139,2,24+ ft.
1610612764,101162,-37.9508,393.2939,0.0,674.07,21.46,21500139,2,24+ ft.
1610612764,101162,-38.1772,386.3831,0.0,674.03,21.43,21500139,2,24+ ft.
1610612764,101162,-38.4153,379.5095,0.0,673.99,21.39,21500139,2,24+ ft.
1610612764,101162,-38.647,372.5892,0.0,673.95,21.36,21500139,2,24+ ft.
1610612764,101162,-38.7434,365.7732,0.0,673.91,21.32,21500139,2,24+ ft.
1610612764,101162,-38.6835,358.8481,0.0,673.87,21.29,21500139,2,24+ ft.
1610612764,101162,-38.6664,351.9313,0.0,673.83,21.25,21500139,2,24+ ft.
1610612764,101162,-38.6499,344.9512,0.0,673.79,21.21,21500139,2,24+ ft.
1610612764,101162,-38.6633,338.0601,0.0,673.75,21.18,21500139,2,24+ ft.
1610612764,101162,-38.748,331.1655,0.0,673.71,21.14,21500139,2,24+ ft.
1610612764,101162,-39.0162,324.4118,0.0,673.67,21.11,21500139,2,24+ ft.
1610612764,101162,-39.2463,317.7455,0.0,673.63,21.07,21500139,2,24+ ft.
1610612764,101162,-39.3358,310.953,0.0,673.59,21.03,21500139,2,24+ ft.
1610612764,101162,-39.3815,304.1107,0.0,673.55,21.0,21500139,2,24+ ft.
1610612764,101162,-39.4028,297.3601,0.0,673.51,20.96,21500139,2,24+ ft.
1610612764,101162,-39.4391,290.614,0.0,673.47,20.93,21500139,2,24+ ft.
1610612764,101162,-39.5095,283.898,0.0,673.43,20.89,21500139,2,24+ ft.
1610612764,101162,-39.4769,277.2427,0.0,673.39,20.85,21500139,2,24+ ft.
1610612764,101162,-39.4248,270.7211,0.0,673.35,20.82,21500139,2,24+ ft.
1610612764,101162,-39.5192,264.2356,0.0,673.31,20.78,21500139,2,24+ ft.
1610612764,101162,-39.6303,257.7782,0.0,673.27,20.75,21500139,2,24+ ft.
1610612764,101162,-39.6727,251.3676,0.0,673.23,20.71,21500139,2,24+ ft.
1610612764,101162,-39.6542,245.0298,0.0,673.19,20.68,21500139,2,24+ ft.
1610612764,101162,-39.6316,238.6966,0.0,673.15,20.64,21500139,2,24+ ft.
1610612764,101162,-39.5848,232.4044,0.0,673.11,20.6,21500139,2,16-24 ft.
1610612764,101162,-39.3657,226.1094,0.0,673.07,20.57,21500139,2,16-24 ft.
1610612764,101162,-39.128,219.8237,0.0,673.03,20.53,21500139,2,16-24 ft.
1610612764,101162,-38.8896,213.7678,0.0,672.99,20.49,21500139,2,16-24 ft.
1610612764,101162,-38.6418,207.7058,0.0,672.95,20.46,21500139,2,16-24 ft.
1610612764,101162,-38.4634,201.4159,0.0,672.91,20.42,21500139,2,16-24 ft.
1610612764,101162,-38.3677,195.2794,0.0,672.87,20.39,21500139,2,16-24 ft.
1610612764,101162,-38.0336,189.2015,0.0,672.83,20.35,21500139,2,16-24 ft.
1610612764,101162,-37.648,183.1311,0.0,672.79,20.32,21500139,2,16-24 ft.
1610612764,101162,-36.9526,177.3551,0.0,672.75,20.28,21500139,2,16-24 ft.
1610612764,101162,-36.4786,171.098,0.0,672.71,20.24,21500139,2,16-24 ft.
1610612764,101162,-35.3871,165.3487,0.0,672.67,20.21,21500139,2,16-24 ft.
1610612764,101162,-34.2741,159.8011,0.0,672.63,20.17,21500139,2,16-24 ft.
1610612764,101162,-33.3531,153.8675,0.0,672.59,20.14,21500139,2,8-16 ft.
1610612764,101162,-32.1774,148.2232,0.0,672.55,20.1,21500139,2,8-16 ft.
1610612764,101162,-30.7559,143.1047,0.0,672.51,20.07,21500139,2,8-16 ft.
1610612764,101162,-29.2514,137.924,0.0,672.47,20.03,21500139,2,8-16 ft.
1610612764,101162,-27.6925,132.7987,0.0,672.43,19.99,21500139,2,8-16 ft.
1610612764,101162,-26.0565,127.7723,0.0,672.39,19.96,21500139,2,8-16 ft.
1610612764,101162,-24.3969,123.0987,0.0,672.35,19.92,21500139,2,8-16 ft.
1610612764,101162,-22.6929,118.2929,0.0,672.31,19.89,21500139,2,8-16 ft.
1610612764,101162,-20.7212,113.0604,0.0,672.27,19.85,21500139,2,8-16 ft.
1610612764,101162,-18.7868,108.0341,0.0,672.23,19.81,21500139,2,8-16 ft.
1610612764,101162,-16.9302,103.3422,0.0,672.19,19.78,21500139,2,8-16 ft.
1610612764,101162,-14.6629,98.6322,0.0,672.15,19.74,21500139,2,8-16 ft.
1610612764,101162,-12.1047,94.2433,0.0,672.11,19.71,21500139,2,8-16 ft.
1610612764,101162,-9.998,89.8549,0.0,672.07,19.67,21500139,2,8-16 ft.
1610612764,101162,-7.7771,85.5733,0.0,672.03,19.63,21500139,2,8-16 ft.
1610612764,101162,-5.1646,81.9788,0.0,671.99,19.6,21500139,2,8-16 ft.
1610612764,101162,-2.7703,78.1627,0.0,671.95,19.56,21500139,2,Less Than 8 ft.
1610612764,101162,-0.7576,74.4555,0.0,671.91,19.53,21500139,2,Less Than 8 ft.
1610612764,101162,1.6419,70.8109,0.0,671.87,19.49,21500139,2,Less Than 8 ft.
1610612764,101162,4.3009,67.5203,0.0,671.83,19.46,21500139,2,Less Than 8 ft.
1610612764,101162,6.7612,64.12,0.0,671.79,19.42,21500139,2,Less Than 8 ft.
1610612764,101162,9.133,60.8229,0.0,671.75,19.38,21500139,2,Less Than 8 ft.
1610612764,101162,11.9426,58.8179,0.0,671.71,19.35,21500139,2,Less Than 8 ft.
1610612764,101162,14.7338,56.6893,0.0,671.67,19.31,21500139,2,Less Than 8 ft.
1610612764,101162,17.8674,55.0851,0.0,671.63,19.28,21500139,2,Less Than 8 ft.
1610612764,101162,21.1954,53.4726,0.0,671.59,19.24,21500139,2,Less Than 8 ft.
1610612764,101162,24.009,51.9121,0.0,671.55,19.2,21500139,2,Less Than 8 ft.
1610612764,101162,27.0042,50.7467,0.0,671.51,19.17,21500139,2,Less Than 8 ft.
1610612764,101162,29.9967,49.4625,0.0,671.47,19.13,21500139,2,Less Than 8 ft.
1610612764,101162,32.9611,48.2621,0.0,671.43,19.1,21500139,2,Less Than 8 ft.
1610612764,101162,35.7008,47.1485,0.0,671.39,19.06,21500139,2,Less Than 8 ft.
1610612764,101162,38.5731,46.3567,0.0,671.35,19.02,21500139,2,Less Than 8 ft.
1610612764,101162,41.5522,45.3893,0.0,671.31,18.99,21500139,2,Less Than 8 ft.
1610612764,101162,44.3236,45.357,0.0,671.27,18.95,21500139,2,Less Than 8 ft.
1610612764,101162,46.6477,44.7012,0.0,671.23,18.92,21500139,2,Less Than 8 ft.
1610612764,101162,49.4406,44.428,0.0,671.19,18.88,21500139,2,Less Than 8 ft.
1610612764,101162,52.3806,44.2129,0.0,671.15,18.85,21500139,2,Less Than 8 ft.
1610612764,101162,55.2791,43.4402,0.0,671.11,18.81,21500139,2,Less Than 8 ft.
1610612764,101162,57.9984,43.3936,0.0,671.07,18.77,21500139,2,Less Than 8 ft.
1610612764,101162,60.2325,42.9362,0.0,671.03,18.74,21500139,2,Less Than 8 ft.
1610612764,101162,62.2646,42.2517,0.0,670.99,18.7,21500139,2,Less Than 8 ft.
1610612764,101162,64.3255,41.6477,0.0,670.95,18.67,21500139,2,Less Than 8 ft.
1610612764,101162,65.8542,41.1379,0.0,670.91,18.63,21500139,2,Less Than 8 ft.
1610612764,101162,67.9203,40.754,0.0,670.87,18.59,21500139,2,Less Than 8 ft.
1610612764,101162,69.9169,40.9032,0.0,670.83,18.56,21500139,2,Less Than 8 ft.
1610612764,101162,72.0719,40.8172,0.0,670.79,18.52,21500139,2,8-16 ft.
1610612764,101162,74.118,40.8212,0.0,670.75,18.49,21500139,2,8-16 ft.
1610612764,101162,76.3345,40.6384,0.0,670.71,18.45,21500139,2,8-16 ft.
1610612764,101162,78.0348,39.7575,0.0,670.67,18.41,21500139,2,8-16 ft.
1610612764,101162,80.0379,39.4186,0.0,670.63,18.38,21500139,2,8-16 ft.
1610612764,101162,81.7477,39.0052,0.0,670.59,18.34,21500139,2,8-16 ft.
1610612764,101162,83.4288,38.5321,0.0,670.55,18.31,21500139,2,8-16 ft.
1610612764,101162,84.886,38.0273,0.0,670.51,18.27,21500139,2,8-16 ft.
1610612764,101162,86.5058,37.5806,0.0,670.47,18.24,21500139,2,8-16 ft.
1610612764,101162,88.2401,37.1461,0.0,670.43,18.2,21500139,2,8-16 ft.
1610612764,101162,89.9421,37.0332,0.0,670.39,18.16,21500139,2,8-16 ft.
1610612764,101162,91.541,36.8132,0.0,670.35,18.13,21500139,2,8-16 ft.
1610612764,101162,93.5461,36.5926,0.0,670.31,18.09,21500139,2,8-16 ft.
1610612764,101162,94.8778,36.2268,0.0,670.27,18.06,21500139,2,8-16 ft.
1610612764,101162,96.2469,35.3426,0.0,670.23,18.02,21500139,2,8-16 ft.
1610612764,101162,97.5414,34.6928,0.0,670.19,17.98,21500139,2,8-16 ft.
1610612764,101162,98.8228,33.9182,0.0,670.15,17.95,21500139,2,8-16 ft.
1610612764,101162,100.0564,33.2544,0.0,670.11,17.91,21500139,2,8-16 ft.
1610612764,101162,101.5338,32.7028,0.0,670.07,17.88,21500139,2,8-16 ft.
1610612764,101162,102.8711,32.1471,0.0,670.03,17.84,21500139,2,8-16 ft.
1610612764,101162,104.2317,31.7161,0.0,669.99,17.81,21500139,2,8-16 ft.
1610612764,101162,105.4685,31.2839,0.0,669.95,17.77,21500139,2,8-16 ft.
1610612764,101162,106.6321,30.8393,0.0,669.91,17.73,21500139,2,8-16 ft.
1610612764,101162,107.6182,30.317,0.0,669.87,17.7,21500139,2,8-16 ft.
1610612764,101162,108.4767,29.8562,0.0,669.83,17.66,21500139,2,8-16 ft.
1610612764,101162,109.4066,29.3321,0.0,669.79,17.63,21500139,2,8-16 ft.
1610612764,101162,110.2357,28.8422,0.0,669.75,17.59,21500139,2,8-16 ft.
1610612764,101162,111.0614,28.4012,0.0,669.71,17.55,21500139,2,8-16 ft.
1610612764,101162,111.8216,27.9514,0.0,669.67,17.52,21500139,2,8-16 ft.
1610612764,101162,112.5615,27.4786,0.0,669.63,17.48,21500139,2,8-16 ft.
1610612764,101162,113.2331,27.0492,0.0,669.59,17.45,21500139,2,8-16 ft.
1610612764,101162,113.8792,26.6796,0.0,669.55,17.41,21500139,2,8-16 ft.
1610612764,101162,114.4942,26.3739,0.0,669.51,17.37,21500139,2,8-16 ft.
1610612764,101162,115.1385,26.1005,0.0,669.47,17.34,21500139,2,8-16 ft.
1610612764,101162,115.77,25.889,0.0,669.43,17.3,21500139,2,8-16 ft.
1610612764,101162,116.2494,25.6272,0.0,669.39,17.27,21500139,2,8-16 ft.
1610612764,101162,116.7094,25.4269,0.0,669.35,17.23,21500139,2,8-16 ft.
1610612764,101162,117.0754,25.2372,0.0,669.31,17.2,21500139,2,8-16 ft.
1610612764,101162,117.4961,25.2079,0.0,669.27,17.16,21500139,2,8-16 ft.
1610612764,101162,117.8789,25.1892,0.0,669.23,17.12,21500139,2,8-16 ft.
1610612764,101162,118.1797,25.1642,0.0,669.19,17.09,21500139,2,8-16 ft.
1610612764,101162,118.4278,25.1186,0.0,669.15,17.05,21500139,2,8-16 ft.
1610612764,101162,118.5551,25.0624,0.0,669.11,17.02,21500139,2,8-16 ft.
1610612764,101162,118.6677,25.0366,0.0,669.07,16.98,21500139,2,8-16 ft.
1610612764,101162,118.707,24.9968,0.0,669.03,16.94,21500139,2,8-16 ft.
1610612764,101162,118.7067,24.9397,0.0,668.99,16.91,21500139,2,8-16 ft.
1610612764,101162,118.6067,24.864,0.0,668.95,16.87,21500139,2,8-16 ft.
1610612764,101162,118.4288,24.6627,0.0,668.91,16.84,21500139,2,8-16 ft.
1610612764,101162,118.1276,24.4568,0.0,668.87,16.8,21500139,2,8-16 ft.
1610612764,101162,117.7498,24.1923,0.0,668.83,16.76,21500139,2,8-16 ft.
1610612764,101162,117.3125,23.872,0.0,668.79,16.73,21500139,2,8-16 ft.
1610612764,101162,116.8096,23.461,0.0,668.75,16.69,21500139,2,8-16 ft.
1610612764,101162,116.2571,22.9902,0.0,668.71,16.66,21500139,2,8-16 ft.
1610612764,101162,115.6037,22.4571,0.0,668.67,16.62,21500139,2,8-16 ft.
1610612764,101162,114.8911,21.8985,0.0,668.63,16.59,21500139,2,8-16 ft.
1610612764,101162,114.1343,21.3255,0.0,668.59,16.55,21500139,2,8-16 ft.
1610612764,101162,113.3123,20.7769,0.0,668.55,16.51,21500139,2,8-16 ft.
1610612764,101162,112.423,20.2097,0.0,668.51,16.48,21500139,2,8-16 ft.
1610612764,101162,111.403,19.6209,0.0,668.47,16.44,21500139,2,8-16 ft.
1610612764,101162,110.3315,19.0573,0.0,668.43,16.41,21500139,2,8-16 ft.
1610612764,101162,109.2001,18.525,0.0,668.39,16.37,21500139,2,8-16 ft.
1610612764,101162,108.0216,18.0403,0.0,668.35,16.33,21500139,2,8-16 ft.
1610612764,101162,106.8038,17.6672,0.0,668.31,16.3,21500139,2,8-16 ft.
1610612764,101162,105.5316,17.2802,0.0,668.27,16.26,21500139,2,8-16 ft.
1610612764,101162,104.2392,16.9718,0.0,668.23,16.23,21500139,2,8-16 ft.
1610612764,101162,102.9292,16.6817,0.0,668.19,16.19,21500139,2,8-16 ft.
1610612764,101162,101.6057,16.415,0.0,668.15,16.15,21500139,2,8-16 ft.
1610612764,101162,100.2716,16.1904,0.0,668.11,16.12,21500139,2,8-16 ft.
1610612764,101162,98.9656,16.0096,0.0,668.07,16.08,21500139,2,8-16 ft.
1610612764,101162,97.6477,15.8022,0.0,668.03,16.05,21500139,2,8-16 ft.
1610612764,101162,96.2986,15.6037,0.0,667.99,16.01,21500139,2,8-16 ft.
1610612764,101162,94.9097,15.3614,0.0,667.95,15.98,21500139,2,8-16 ft.
1610612764,101162,93.5453,15.1413,0.0,667.91,15.94,21500139,2,8-16 ft.
1610612764,101162,92.1922,14.977,0.0,667.87,15.9,21500139,2,8-16 ft.
1610612764,101162,90.8099,14.837,0.0,667.83,15.87,21500139,2,8-16 ft.
1610612764,101162,89.3354,14.7035,0.0,667.79,15.83,21500139,2,8-16 ft.
1610612764,101162,87.8562,14.6219,0.0,667.75,15.8,21500139,2,8-16 ft.
1610612764,101162,86.7187,15.1767,0.0,667.71,15.76,21500139,2,8-16 ft.
1610612764,101162,85.3027,15.4007,0.0,667.67,15.72,21500139,2,8-16 ft.
1610612764,101162,83.7768,15.5791,0.0,667.63,15.69,21500139,2,8-16 ft.
1610612764,101162,82.1905,15.8772,0.0,667.59,15.65,21500139,2,8-16 ft.
1610612764,101162,80.5063,16.2137,0.0,667.55,15.62,21500139,2,8-16 ft.
1610612764,101162,78.7449,16.4893,0.0,667.51,15.58,21500139,2,Less Than 8 ft.
1610612764,101162,76.9287,16.8174,0.0,667.47,15.54,21500139,2,Less Than 8 ft.
1610612764,101162,75.0319,17.1694,0.0,667.43,15.51,21500139,2,Less Than 8 ft.
1610612764,101162,73.0083,17.5016,0.0,667.39,15.47,21500139,2,Less Than 8 ft.
1610612764,101162,71.0106,17.9809,0.0,667.35,15.44,21500139,2,Less Than 8 ft.
1610612764,101162,68.9208,18.3873,0.0,667.31,15.4,21500139,2,Less Than 8 ft.
1610612764,101162,66.8233,18.7478,0.0,667.27,15.37,21500139,2,Less Than 8 ft.
1610612764,101162,64.4319,19.0619,0.0,667.23,15.33,21500139,2,Less Than 8 ft.
1610612764,101162,61.7663,19.4191,0.0,667.19,15.29,21500139,2,Less Than 8 ft.
1610612764,101162,58.7716,19.781,0.0,667.15,15.26,21500139,2,Less Than 8 ft.
1610612764,101162,55.4665,19.4297,0.0,667.11,15.22,21500139,2,Less Than 8 ft.
1610612764,101162,52.5615,19.4726,0.0,667.07,15.19,21500139,2,Less Than 8 ft.
1610612764,101162,49.9164,19.7137,0.0,667.03,15.15,21500139,2,Less Than 8 ft.
1610612764,101162,47.2082,20.3252,0.0,666.99,15.12,21500139,2,Less Than 8 ft.
1610612764,101162,43.979,21.0595,0.0,666.95,15.08,21500139,2,Less Than 8 ft.
1610612764,101162,41.0494,22.1287,0.0,666.91,15.04,21500139,2,Less Than 8 ft.
1610612764,101162,38.6453,22.5321,0.0,666.87,15.01,21500139,2,Less Than 8 ft.
1610612764,101162,36.8007,22.3275,0.0,666.83,14.97,21500139,2,Less Than 8 ft.
1610612764,101162,34.5916,22.0931,0.0,666.79,14.93,21500139,2,Less Than 8 ft.
1610612764,101162,32.7477,22.168,0.0,666.75,14.9,21500139,2,Less Than 8 ft.
1610612764,101162,31.4291,22.1471,0.0,666.71,14.86,21500139,2,Less Than 8 ft.
1610612764,101162,30.4202,22.3139,0.0,666.67,14.83,21500139,2,Less Than 8 ft.
1610612764,101162,29.8181,22.4223,0.0,666.63,14.79,21500139,2,Less Than 8 ft.
1610612764,101162,29.849,22.5156,0.0,666.59,14.76,21500139,2,Less Than 8 ft.
1610612764,101162,30.3879,22.6449,0.0,666.55,14.72,21500139,2,Less Than 8 ft.
1610612764,101162,31.1343,22.912,0.0,666.51,14.68,21500139,2,Less Than 8 ft.
1610612764,101162,32.0295,23.1358,0.0,666.47,14.65,21500139,2,Less Than 8 ft.
1610612764,101162,33.1523,23.186,0.0,666.43,14.61,21500139,2,Less Than 8 ft.
1610612764,101162,34.6732,22.6242,0.0,666.39,14.58,21500139,2,Less Than 8 ft.
1610612764,101162,37.0772,21.8512,0.0,666.35,14.54,21500139,2,Less Than 8 ft.
1610612764,101162,39.4648,21.0067,0.0,666.31,14.51,21500139,2,Less Than 8 ft.
1610612764,101162,41.365,21.0091,0.0,666.27,14.47,21500139,2,Less Than 8 ft.
1610612764,101162,43.5392,21.2434,0.0,666.23,14.43,21500139,2,Less Than 8 ft.
1610612764,101162,46.499,21.6652,0.0,666.19,14.4,21500139,2,Less Than 8 ft.
1610612764,101162,49.0035,22.0417,0.0,666.15,14.36,21500139,2,Less Than 8 ft.
1610612764,101162,51.6089,22.4545,0.0,666.11,14.33,21500139,2,Less Than 8 ft.
1610612764,101162,54.1477,22.6326,0.0,666.07,14.29,21500139,2,Less Than 8 ft.
1610612764,101162,56.7436,23.3423,0.0,666.03,14.25,21500139,2,Less Than 8 ft.
1610612764,101162,59.9532,23.7862,0.0,665.99,14.22,21500139,2,Less Than 8 ft.
1610612764,101162,62.9832,23.8859,0.0,665.95,14.18,21500139,2,Less Than 8 ft.
1610612764,101162,66.0797,23.9574,0.0,665.91,14.15,21500139,2,Less Than 8 ft.
1610612764,101162,69.3185,24.014,0.0,665.87,14.11,21500139,2,Less Than 8 ft.
1610612764,101162,72.5976,24.0966,0.0,665.83,14.07,21500139,2,Less Than 8 ft.
1610612764,101162,75.6448,24.4744,0.0,665.79,14.04,21500139,2,Less Than 8 ft.
1610612764,101162,79.2032,24.6815,0.0,665.75,14.0,21500139,2,8-16 ft.
1610612764,101162,82.945,24.7616,0.0,665.71,13.97,21500139,2,8-16 ft.
1610612764,101162,87.0497,24.6799,0.0,665.67,13.93,21500139,2,8-16 ft.
1610612764,101162,90.7098,25.0537,0.0,665.63,13.9,21500139,2,8-16 ft.
1610612764,101162,94.3364,25.3863,0.0,665.59,13.86,21500139,2,8-16 ft.
1610612764,101162,98.2602,25.4668,0.0,665.55,13.82,21500139,2,8-16 ft.
1610612764,101162,101.8892,25.7291,0.0,665.51,13.79,21500139,2,8-16 ft.
1610612764,101162,105.57,26.1404,0.0,665.47,13.75,21500139,2,8-16 ft.
1610612764,101162,109.1614,25.7331,0.0,665.43,13.72,21500139,2,8-16 ft.
1610612764,101162,112.1137,25.8964,0.0,665.39,13.68,21500139,2,8-16 ft.
1610612764,101162,115.3815,26.3057,0.0,665.35,13.64,21500139,2,8-16 ft.
1610612764,101162,118.6861,26.7679,0.0,665.31,13.61,21500139,2,8-16 ft.
1610612764,101162,121.7781,27.1165,0.0,665.27,13.57,21500139,2,8-16 ft.
1610612764,101162,124.6555,27.3574,0.0,665.23,13.54,21500139,2,8-16 ft.
1610612764,101162,127.7251,27.3886,0.0,665.19,13.5,21500139,2,8-16 ft.
1610612764,101162,130.2299,27.6974,0.0,665.15,13.46,21500139,2,8-16 ft.
1610612764,101162,132.4638,27.8436,0.0,665.11,13.43,21500139,2,8-16 ft.
1610612764,101162,134.5103,27.8393,0.0,665.07,13.39,21500139,2,8-16 ft.
1610612764,101162,136.3037,27.7365,0.0,665.03,13.36,21500139,2,8-16 ft.
1610612764,101162,138.1123,27.5509,0.0,664.99,13.32,21500139,2,8-16 ft.
1610612764,101162,140.105,27.1916,0.0,664.95,13.28,21500139,2,8-16 ft.
1610612764,101162,142.0672,26.819,0.0,664.91,13.25,21500139,2,8-16 ft.
1610612764,101162,143.994,26.1901,0.0,664.87,13.21,21500139,2,8-16 ft.
1610612764,101162,145.9864,25.8637,0.0,664.83,13.18,21500139,2,8-16 ft.
1610612764,101162,147.9839,25.2273,0.0,664.79,13.14,21500139,2,8-16 ft.
1610612764,101162,149.8602,24.5254,0.0,664.75,13.11,21500139,2,8-16 ft.
1610612764,101162,151.5672,23.8438,0.0,664.71,13.07,21500139,2,8-16 ft.
1610612764,101162,153.303,23.2532,0.0,664.67,13.03,21500139,2,8-16 ft.
1610612764,101162,154.9358,22.7954,0.0,664.63,13.0,21500139,2,8-16 ft.
1610612764,101162,156.47,22.2908,0.0,664.59,12.96,21500139,2,8-16 ft.
1610612764,101162,157.8626,21.7981,0.0,664.55,12.93,21500139,2,8-16 ft.
1610612764,101162,159.209,21.4621,0.0,664.51,12.89,21500139,2,16-24 ft.
1610612764,101162,160.4604,21.2328,0.0,664.47,12.85,21500139,2,16-24 ft.
1610612764,101162,161.7451,20.9615,0.0,664.43,12.82,21500139,2,16-24 ft.
1610612764,101162,162.7731,20.6885,0.0,664.39,12.78,21500139,2,16-24 ft.
1610612764,101162,163.4746,20.4821,0.0,664.35,12.75,21500139,2,16-24 ft.
1610612764,101162,163.9731,20.2106,0.0,664.31,12.71,21500139,2,16-24 ft.
1610612764,101162,164.3793,20.0908,0.0,664.27,12.68,21500139,2,16-24 ft.
1610612764,101162,164.732,20.0774,0.0,664.23,12.64,21500139,2,16-24 ft.
1610612764,101162,164.923,20.0305,0.0,664.19,12.6,21500139,2,16-24 ft.
1610612764,101162,165.0262,20.1424,0.0,664.15,12.57,21500139,2,16-24 ft.
1610612764,101162,164.9697,20.1458,0.0,664.11,12.53,21500139,2,16-24 ft.
1610612764,101162,164.7768,20.169,0.0,664.07,12.5,21500139,2,16-24 ft.
1610612764,101162,164.5174,20.2053,0.0,664.03,12.46,21500139,2,16-24 ft.
1610612764,101162,164.1095,20.3351,0.0,663.99,12.42,21500139,2,16-24 ft.
1610612764,101162,163.6917,20.5144,0.0,663.95,12.39,21500139,2,16-24 ft.
1610612764,101162,163.2153,20.6307,0.0,663.91,12.35,21500139,2,16-24 ft.
1610612764,101162,162.7139,20.7179,0.0,663.87,12.32,21500139,2,16-24 ft.
1610612764,101162,162.1752,20.8755,0.0,663.83,12.28,21500139,2,16-24 ft.
1610612764,101162,161.6174,21.0812,0.0,663.79,12.25,21500139,2,16-24 ft.
1610612764,101162,161.0567,21.3051,0.0,663.75,12.21,21500139,2,16-24 ft.
1610612764,101162,160.4793,21.5265,0.0,663.71,12.17,21500139,2,16-24 ft.
1610612764,101162,159.8354,21.8677,0.0,663.67,12.14,21500139,2,16-24 ft.
1610612764,101162,159.1734,22.2048,0.0,663.63,12.1,21500139,2,16-24 ft.
1610612764,101162,158.4667,22.5064,0.0,663.59,12.07,21500139,2,8-16 ft.
1610612764,101162,157.7521,22.7242,0.0,663.55,12.03,21500139,2,8-16 ft.
1610612764,101162,157.0687,23.0269,0.0,663.51,11.99,21500139,2,8-16 ft.
1610612764,101162,156.3656,23.4019,0.0,663.47,11.96,21500139,2,8-16 ft.
1610612764,101162,155.6682,23.7558,0.0,663.43,11.92,21500139,2,8-16 ft.
1610612764,101162,155.0039,24.155,0.0,663.39,11.89,21500139,2,8-16 ft.
1610612764,101162,154.2457,24.4449,0.0,663.35,11.85,21500139,2,8-16 ft.
1610612764,101162,153.478,24.775,0.0,663.31,11.81,21500139,2,8-16 ft.
1610612764,101162,152.6846,25.2241,0.0,663.27,11.78,21500139,2,8-16 ft.
1610612764,101162,151.9408,25.8505,0.0,663.23,11.74,21500139,2,8-16 ft.
1610612764,101162,151.1957,26.4563,0.0,663.19,11.71,21500139,2,8-16 ft.
1610612764,101162,150.4493,27.2298,0.0,663.15,11.67,21500139,2,8-16 ft.
1610612764,101162,149.6772,28.1352,0.0,663.11,11.63,21500139,2,8-16 ft.
1610612764,101162,148.8216,28.9624,0.0,663.07,11.6,21500139,2,8-16 ft.
1610612764,101162,147.9281,29.8787,0.0,663.03,11.56,21500139,2,8-16 ft.
1610612764,101162,146.9948,30.9585,0.0,662.99,11.53,21500139,2,8-16 ft.
1610612764,101162,145.9911,32.0941,0.0,662.95,11.49,21500139,2,8-16 ft.
1610612764,101162,144.9485,33.2132,0.0,662.91,11.46,21500139,2,8-16 ft.
1610612764,101162,143.8736,34.412,0.0,662.87,11.42,21500139,2,8-16 ft.
1610612764,101162,142.7817,35.6993,0.0,662.83,11.38,21500139,2,8-16 ft.
1610612764,101162,141.6361,37.1564,0.0,662.79,11.35,21500139,2,8-16 ft.
1610612764,101162,140.5261,38.7329,0.0,662.75,11.31,21500139,2,8-16 ft.
1610612764,101162,139.3865,40.3623,0.0,662.71,11.28,21500139,2,8-16 ft.
1610612764,101162,138.2659,41.9952,0.0,662.67,11.24,21500139,2,8-16 ft.
1610612764,101162,137.0541,43.5342,0.0,662.63,11.2,21500139,2,8-16 ft.
1610612764,101162,135.8083,45.169,0.0,662.59,11.17,21500139,2,8-16 ft.
1610612764,101162,134.5208,46.7133,0.0,662.55,11.13,21500139,2,8-16 ft.
1610612764,101162,133.301,48.2843,0.0,662.51,11.1,21500139,2,8-16 ft.
1610612764,101162,132.14,49.9509,0.0,662.47,11.06,21500139,2,8-16 ft.
1610612764,101162,130.9636,51.5967,0.0,662.43,11.03,21500139,2,8-16 ft.
1610612764,101162,129.827,53.2348,0.0,662.39,10.99,21500139,2,8-16 ft.
1610612764,101162,128.6311,54.925,0.0,662.35,10.95,21500139,2,8-16 ft.
1610612764,101162,127.446,56.7223,0.0,662.31,10.92,21500139,2,8-16 ft.
1610612764,101162,126.285,58.5311,0.0,662.27,10.88,21500139,2,8-16 ft.
1610612764,101162,125.0906,60.355,0.0,662.23,10.85,21500139,2,8-16 ft.
1610612764,101162,123.9668,62.0794,0.0,662.19,10.81,21500139,2,8-16 ft.
1610612764,101162,122.8865,63.8237,0.0,662.15,10.77,21500139,2,8-16 ft.
1610612764,101162,121.7588,65.7158,0.0,662.11,10.74,21500139,2,8-16 ft.
1610612764,101162,120.8877,68.131,0.0,662.07,10.7,21500139,2,8-16 ft.
1610612764,101162,119.8299,70.1144,0.0,662.03,10.67,21500139,2,8-16 ft.
1610612764,101162,119.0399,72.6023,0.0,661.99,10.63,21500139,2,8-16 ft.
1610612764,101162,118.2737,75.1238,0.0,661.95,10.59,21500139,2,8-16 ft.
1610612764,101162,117.3697,77.0447,0.0,661.91,10.56,21500139,2,8-16 ft.
1610612764,101162,116.4722,78.9579,0.0,661.87,10.52,21500139,2,8-16 ft.
1610612764,101162,115.5872,80.8555,0.0,661.83,10.49,21500139,2,8-16 ft.
1610612764,101162,114.6902,82.6983,0.0,661.79,10.45,21500139,2,8-16 ft.
1610612764,101162,113.8696,84.4405,0.0,661.75,10.42,21500139,2,8-16 ft.
1610612764,101162,113.1136,86.2528,0.0,661.71,10.38,21500139,2,8-16 ft.
1610612764,101162,112.3197,87.9794,0.0,661.67,10.34,21500139,2,8-16 ft.
1610612764,101162,111.5074,89.6074,0.0,661.63,10.31,21500139,2,8-16 ft.
1610612764,101162,110.6823,91.5914,0.0,661.59,10.27,21500139,2,8-16 ft.
1610612764,101162,109.7474,93.1633,0.0,661.55,10.24,21500139,2,8-16 ft.
1610612764,101162,108.936,94.5808,0.0,661.51,10.2,21500139,2,8-16 ft.
1610612764,101162,107.8658,95.4891,0.0,661.47,10.16,21500139,2,8-16 ft.
1610612764,101162,107.0374,96.8517,0.0,661.43,10.13,21500139,2,8-16 ft.
1610612764,101162,105.9813,97.7195,0.0,661.39,10.09,21500139,2,8-16 ft.
1610612764,101162,104.9847,98.571,0.0,661.35,10.06,21500139,2,8-16 ft.
1610612764,101162,104.1104,99.9639,0.0,661.31,10.02,21500139,2,8-16 ft.
1610612764,101162,103.218,101.3301,0.0,661.27,9.98,21500139,2,8-16 ft.
1610612764,101162,102.3774,102.7299,0.0,661.23,9.95,21500139,2,8-16 ft.
1610612764,101162,101.536,104.2045,0.0,661.19,9.91,21500139,2,8-16 ft.
1610612764,101162,100.6795,105.73,0.0,661.15,9.88,21500139,2,8-16 ft.
1610612764,101162,99.7766,107.1411,0.0,661.11,9.84,21500139,2,8-16 ft.
1610612764,101162,98.8552,108.5756,0.0,661.07,9.81,21500139,2,8-16 ft.
1610612764,101162,97.9874,110.0658,0.0,661.03,9.77,21500139,2,8-16 ft.
1610612764,101162,97.0746,111.132,0.0,660.99,9.73,21500139,2,8-16 ft.
1610612764,101162,96.2305,112.6076,0.0,660.95,9.7,21500139,2,8-16 ft.
1610612764,101162,95.3412,114.1202,0.0,660.91,9.66,21500139,2,8-16 ft.
1610612764,101162,94.3792,115.6466,0.0,660.87,9.63,21500139,2,8-16 ft.
1610612764,101162,93.2698,116.7572,0.0,660.83,9.59,21500139,2,8-16 ft.
1610612764,101162,92.2275,118.1139,0.0,660.79,9.55,21500139,2,8-16 ft.
1610612764,101162,91.0775,119.6884,0.0,660.75,9.52,21500139,2,8-16 ft.
1610612764,101162,89.8889,121.3362,0.0,660.71,9.48,21500139,2,8-16 ft.
1610612764,101162,88.6803,122.9951,0.0,660.67,9.45,21500139,2,8-16 ft.
1610612764,101162,87.3328,124.8117,0.0,660.63,9.41,21500139,2,8-16 ft.
1610612764,101162,85.9263,126.6319,0.0,660.59,9.37,21500139,2,8-16 ft.
1610612764,101162,84.5079,128.4772,0.0,660.55,9.34,21500139,2,8-16 ft.
1610612764,101162,82.925,130.871,0.0,660.51,9.3,21500139,2,8-16 ft.
1610612764,101162,81.4425,132.7358,0.0,660.47,9.27,21500139,2,8-16 ft.
1610612764,101162,79.7929,134.7359,0.0,660.43,9.23,21500139,2,8-16 ft.
