team_id,player_id,x_loc,y_loc,radius,game_clock,shot_clock,game_id,event_id
1610612764,101162,4.48318,26.85213,0.0,688.39,6.89,21500139,2
1610612764,101162,4.74815,26.80401,0.0,688.35,6.85,21500139,2
1610612764,101162,5.02086,26.75644,0.0,688.31,6.81,21500139,2
1610612764,101162,5.26493,26.72004,0.0,688.27,23.97,21500139,2
1610612764,101162,5.50677,26.58861,0.0,688.23,23.94,21500139,2
1610612764,101162,5.72677,26.41697,0.0,688.19,23.9,21500139,2
1610612764,101162,5.9695,26.29856,0.0,688.15,23.86,21500139,2
1610612764,101162,6.15856,26.19871,0.0,688.11,23.82,21500139,2
1610612764,101162,6.39223,26.12215,0.0,688.07,23.79,21500139,2
1610612764,101162,6.5859,25.99337,0.0,688.03,23.75,21500139,2
1610612764,101162,6.71758,25.84991,0.0,687.99,23.71,21500139,2
1610612764,101162,6.85014,25.69299,0.0,687.95,23.67,21500139,2
1610612764,101162,7.05935,25.53807,0.0,687.91,23.64,21500139,2
1610612764,101162,7.27148,25.40836,0.0,687.87,23.6,21500139,2
1610612764,101162,7.50916,25.30753,0.0,687.83,23.56,21500139,2
1610612764,101162,7.73544,25.15392,0.0,687.79,23.52,21500139,2
1610612764,101162,7.97064,25.03153,0.0,687.75,23.49,21500139,2
1610612764,101162,8.23777,24.91314,0.0,687.71,23.45,21500139,2
1610612764,101162,8.55701,24.80573,0.0,687.67,23.41,21500139,2
1610612764,101162,8.91089,24.83269,0.0,687.63,23.37,21500139,2
1610612764,101162,9.30887,24.88641,0.0,687.59,23.34,21500139,2
1610612764,101162,9.70806,24.9341,0.0,687.55,23.3,21500139,2
1610612764,101162,10.17968,24.87697,0.0,687.51,23.26,21500139,2
1610612764,101162,10.66454,24.86011,0.0,687.47,23.22,21500139,2
1610612764,101162,11.18081,24.86157,0.0,687.43,23.19,21500139,2
1610612764,101162,11.74091,24.84283,0.0,687.39,23.15,21500139,2
1610612764,101162,12.33095,24.83214,0.0,687.35,23.11,21500139,2
1610612764,101162,12.88743,24.78496,0.0,687.31,23.07,21500139,2
1610612764,101162,13.42825,24.77184,0.0,687.27,23.04,21500139,2
1610612764,101162,13.9888,24.74118,0.0,687.23,23.0,21500139,2
1610612764,101162,14.60329,24.6993,0.0,687.19,22.96,21500139,2
1610612764,101162,15.25762,24.66617,0.0,687.15,22.92,21500139,2
1610612764,101162,15.90906,24.63739,0.0,687.11,22.89,21500139,2
1610612764,101162,16.56813,24.61574,0.0,687.07,22.85,21500139,2
1610612764,101162,17.23485,24.54921,0.0,687.03,22.81,21500139,2
1610612764,101162,17.91319,24.53183,0.0,686.99,22.77,21500139,2
1610612764,101162,18.59017,24.50916,0.0,686.95,22.73,21500139,2
1610612764,101162,19.19251,24.55634,0.0,686.91,22.7,21500139,2
1610612764,101162,19.77144,24.53761,0.0,686.87,22.66,21500139,2
1610612764,101162,20.34678,24.51772,0.0,686.83,22.62,21500139,2
1610612764,101162,20.96504,24.49931,0.0,686.79,22.59,21500139,2
1610612764,101162,21.6336,24.48099,0.0,686.75,22.55,21500139,2
1610612764,101162,22.28098,24.46335,0.0,686.71,22.51,21500139,2
1610612764,101162,23.00005,24.42168,0.0,686.67,22.47,21500139,2
1610612764,101162,23.63588,24.39941,0.0,686.63,22.44,21500139,2
1610612764,101162,24.26332,24.43717,0.0,686.59,22.4,21500139,2
1610612764,101162,24.87511,24.45262,0.0,686.55,22.36,21500139,2
1610612764,101162,25.52802,24.4574,0.0,686.51,22.32,21500139,2
1610612764,101162,26.22204,24.4515,0.0,686.47,22.29,21500139,2
1610612764,101162,26.91896,24.45699,0.0,686.43,22.25,21500139,2
1610612764,101162,27.61841,24.48677,0.0,686.39,22.21,21500139,2
1610612764,101162,28.33459,24.52756,0.0,686.35,22.17,21500139,2
1610612764,101162,29.12957,24.5486,0.0,686.31,22.14,21500139,2
1610612764,101162,29.95086,24.58984,0.0,686.27,22.1,21500139,2
1610612764,101162,30.74772,24.62337,0.0,686.23,22.06,21500139,2
1610612764,101162,31.53653,24.66504,0.0,686.19,22.02,21500139,2
1610612764,101162,32.29324,24.72494,0.0,686.15,21.99,21500139,2
1610612764,101162,33.09375,24.81102,0.0,686.11,21.95,21500139,2
1610612764,101162,33.87934,24.87756,0.0,686.07,21.91,21500139,2
1610612764,101162,34.72699,24.95045,0.0,686.03,21.87,21500139,2
1610612764,101162,35.54547,24.97743,0.0,685.99,21.84,21500139,2
1610612764,101162,36.36123,25.02159,0.0,685.95,21.8,21500139,2
1610612764,101162,37.15322,25.09531,0.0,685.91,21.76,21500139,2
1610612764,101162,37.90745,25.18903,0.0,685.87,21.72,21500139,2
1610612764,101162,38.66257,25.26602,0.0,685.83,21.69,21500139,2
1610612764,101162,39.41691,25.30999,0.0,685.79,21.65,21500139,2
1610612764,101162,40.15912,25.37006,0.0,685.75,21.61,21500139,2
1610612764,101162,40.88311,25.42948,0.0,685.71,21.57,21500139,2
1610612764,101162,41.59571,25.49191,0.0,685.67,21.54,21500139,2
1610612764,101162,42.34351,25.56849,0.0,685.63,21.5,21500139,2
1610612764,101162,43.06025,25.6351,0.0,685.59,21.46,21500139,2
1610612764,101162,43.76685,25.69166,0.0,685.55,21.42,21500139,2
1610612764,101162,44.46973,25.75412,0.0,685.51,21.38,21500139,2
1610612764,101162,45.16235,25.81509,0.0,685.47,21.35,21500139,2
1610612764,101162,45.85949,25.86605,0.0,685.43,21.31,21500139,2
1610612764,101162,46.56581,25.9292,0.0,685.39,21.27,21500139,2
1610612764,101162,47.26433,25.99918,0.0,685.35,21.23,21500139,2
1610612764,101162,47.94325,26.03518,0.0,685.31,21.2,21500139,2
1610612764,101162,48.62057,26.05646,0.0,685.27,21.16,21500139,2
1610612764,101162,49.30609,26.07965,0.0,685.23,21.12,21500139,2
1610612764,101162,49.98611,26.12295,0.0,685.19,21.08,21500139,2
1610612764,101162,50.66248,26.15569,0.0,685.15,21.05,21500139,2
1610612764,101162,51.33843,26.20048,0.0,685.11,21.01,21500139,2
1610612764,101162,51.98625,26.25094,0.0,685.07,20.97,21500139,2
1610612764,101162,52.59763,26.29664,0.0,685.03,20.93,21500139,2
1610612764,101162,53.20284,26.34377,0.0,684.99,20.9,21500139,2
1610612764,101162,53.80458,26.38472,0.0,684.95,20.86,21500139,2
1610612764,101162,54.39657,26.42648,0.0,684.91,20.82,21500139,2
1610612764,101162,54.9752,26.46732,0.0,684.87,20.78,21500139,2
1610612764,101162,55.53012,26.51458,0.0,684.83,20.75,21500139,2
1610612764,101162,56.07297,26.56607,0.0,684.79,20.71,21500139,2
1610612764,101162,56.59206,26.6103,0.0,684.75,20.67,21500139,2
1610612764,101162,57.10058,26.66979,0.0,684.71,20.63,21500139,2
1610612764,101162,57.59727,26.74027,0.0,684.67,20.6,21500139,2
1610612764,101162,58.08019,26.82425,0.0,684.63,20.56,21500139,2
1610612764,101162,58.55257,26.91244,0.0,684.59,20.52,21500139,2
1610612764,101162,59.01374,26.99704,0.0,684.55,20.48,21500139,2
1610612764,101162,59.45297,27.08294,0.0,684.51,20.45,21500139,2
1610612764,101162,59.89239,27.16824,0.0,684.47,20.41,21500139,2
1610612764,101162,60.33342,27.26415,0.0,684.43,20.37,21500139,2
1610612764,101162,60.7534,27.37882,0.0,684.39,20.33,21500139,2
1610612764,101162,61.16229,27.49756,0.0,684.35,20.3,21500139,2
1610612764,101162,61.56181,27.6158,0.0,684.31,20.26,21500139,2
1610612764,101162,61.95727,27.74051,0.0,684.27,20.22,21500139,2
1610612764,101162,62.33704,27.87028,0.0,684.23,20.18,21500139,2
1610612764,101162,62.71074,27.98567,0.0,684.19,20.15,21500139,2
1610612764,101162,63.07878,28.09958,0.0,684.15,20.11,21500139,2
1610612764,101162,63.4356,28.21061,0.0,684.11,20.07,21500139,2
1610612764,101162,63.77844,28.31772,0.0,684.07,20.03,21500139,2
1610612764,101162,64.1014,28.42057,0.0,684.03,20.0,21500139,2
1610612764,101162,64.40026,28.52694,0.0,683.99,19.96,21500139,2
1610612764,101162,64.68602,28.62722,0.0,683.95,19.92,21500139,2
1610612764,101162,64.96516,28.72451,0.0,683.91,19.88,21500139,2
1610612764,101162,65.22342,28.81553,0.0,683.87,19.85,21500139,2
1610612764,101162,65.49571,28.90742,0.0,683.83,19.81,21500139,2
1610612764,101162,65.75392,28.97548,0.0,683.79,19.77,21500139,2
1610612764,101162,65.93389,29.01839,0.0,683.75,19.73,21500139,2
1610612764,101162,66.08628,29.06091,0.0,683.71,19.7,21500139,2
1610612764,101162,66.21083,29.09148,0.0,683.67,19.66,21500139,2
1610612764,101162,66.32955,29.1149,0.0,683.63,19.62,21500139,2
1610612764,101162,66.42321,29.14248,0.0,683.59,19.58,21500139,2
1610612764,101162,66.51068,29.17036,0.0,683.55,19.55,21500139,2
1610612764,101162,66.58785,29.19712,0.0,683.51,19.51,21500139,2
1610612764,101162,66.65197,29.22075,0.0,683.47,19.47,21500139,2
1610612764,101162,66.70078,29.23351,0.0,683.43,19.43,21500139,2
1610612764,101162,66.69298,29.22889,0.0,683.39,19.39,21500139,2
1610612764,101162,66.66901,29.22448,0.0,683.35,19.36,21500139,2
1610612764,101162,66.62348,29.21657,0.0,683.31,19.32,21500139,2
1610612764,101162,66.59282,29.20785,0.0,683.27,19.28,21500139,2
1610612764,101162,66.55996,29.1969,0.0,683.23,19.24,21500139,2
1610612764,101162,66.52074,29.18893,0.0,683.19,19.21,21500139,2
1610612764,101162,66.53461,29.20194,0.0,683.15,19.17,21500139,2
1610612764,101162,66.54438,29.21052,0.0,683.11,19.13,21500139,2
1610612764,101162,66.55064,29.22175,0.0,683.07,19.09,21500139,2
1610612764,101162,66.54354,29.23121,0.0,683.03,19.06,21500139,2
1610612764,101162,66.53314,29.24247,0.0,682.99,19.02,21500139,2
1610612764,101162,66.50699,29.24147,0.0,682.95,18.98,21500139,2
1610612764,101162,66.46195,29.25454,0.0,682.91,18.94,21500139,2
1610612764,101162,66.40645,29.27297,0.0,682.87,18.91,21500139,2
1610612764,101162,66.3462,29.29804,0.0,682.83,18.87,21500139,2
1610612764,101162,66.3281,29.33555,0.0,682.79,18.83,21500139,2
1610612764,101162,66.32039,29.3662,0.0,682.75,18.79,21500139,2
1610612764,101162,66.3268,29.35841,0.0,682.71,18.76,21500139,2
1610612764,101162,66.25852,29.38711,0.0,682.67,18.72,21500139,2
1610612764,101162,66.20477,29.36439,0.0,682.63,18.68,21500139,2
1610612764,101162,66.14107,29.33659,0.0,682.59,18.64,21500139,2
1610612764,101162,66.09658,29.30056,0.0,682.55,18.61,21500139,2
1610612764,101162,66.04148,29.26848,0.0,682.51,18.57,21500139,2
1610612764,101162,65.95239,29.29241,0.0,682.47,18.53,21500139,2
1610612764,101162,65.86532,29.36669,0.0,682.43,18.49,21500139,2
1610612764,101162,65.77716,29.37604,0.0,682.39,18.46,21500139,2
1610612764,101162,65.64067,29.4379,0.0,682.35,18.42,21500139,2
1610612764,101162,65.51702,29.51111,0.0,682.31,18.38,21500139,2
1610612764,101162,65.39048,29.56787,0.0,682.27,18.34,21500139,2
1610612764,101162,65.27464,29.58791,0.0,682.23,18.31,21500139,2
1610612764,101162,65.08709,29.57938,0.0,682.19,18.27,21500139,2
1610612764,101162,64.90524,29.58397,0.0,682.15,18.23,21500139,2
1610612764,101162,64.70198,29.59894,0.0,682.11,18.19,21500139,2
1610612764,101162,64.58248,29.53831,0.0,682.07,18.16,21500139,2
1610612764,101162,64.37915,29.53481,0.0,682.03,18.12,21500139,2
1610612764,101162,64.17721,29.53498,0.0,681.99,18.08,21500139,2
1610612764,101162,63.96365,29.5042,0.0,681.95,18.04,21500139,2
1610612764,101162,63.78925,29.4468,0.0,681.91,18.01,21500139,2
1610612764,101162,63.61543,29.34605,0.0,681.87,17.97,21500139,2
1610612764,101162,63.49724,29.21048,0.0,681.83,17.93,21500139,2
1610612764,101162,63.33123,29.09156,0.0,681.79,17.89,21500139,2
1610612764,101162,63.19729,28.91387,0.0,681.75,17.86,21500139,2
1610612764,101162,63.11235,28.71082,0.0,681.71,17.82,21500139,2
1610612764,101162,62.9598,28.52011,0.0,681.67,17.78,21500139,2
1610612764,101162,62.84036,28.34236,0.0,681.63,17.74,21500139,2
1610612764,101162,62.86698,28.21593,0.0,681.59,17.71,21500139,2
1610612764,101162,62.87654,28.07546,0.0,681.55,17.67,21500139,2
1610612764,101162,62.90932,27.9302,0.0,681.51,17.63,21500139,2
1610612764,101162,62.91841,27.81928,0.0,681.47,17.59,21500139,2
1610612764,101162,62.98786,27.70028,0.0,681.43,17.56,21500139,2
1610612764,101162,63.04824,27.56142,0.0,681.39,17.52,21500139,2
1610612764,101162,63.10696,27.47709,0.0,681.35,17.48,21500139,2
1610612764,101162,63.14852,27.43294,0.0,681.31,17.44,21500139,2
1610612764,101162,63.21314,27.35404,0.0,681.27,17.4,21500139,2
1610612764,101162,63.21844,27.25916,0.0,681.23,17.37,21500139,2
1610612764,101162,63.2571,27.24822,0.0,681.19,17.33,21500139,2
1610612764,101162,63.3632,27.2358,0.0,681.15,17.29,21500139,2
1610612764,101162,63.3532,27.18988,0.0,681.11,17.25,21500139,2
1610612764,101162,63.4069,27.1205,0.0,681.07,17.22,21500139,2
1610612764,101162,63.39173,27.05732,0.0,681.03,17.18,21500139,2
1610612764,101162,63.22941,26.95279,0.0,680.99,17.14,21500139,2
1610612764,101162,63.09744,26.84825,0.0,680.95,17.1,21500139,2
1610612764,101162,62.93174,26.76084,0.0,680.91,17.07,21500139,2
1610612764,101162,62.75411,26.66894,0.0,680.87,17.03,21500139,2
1610612764,101162,62.54368,26.54733,0.0,680.83,16.99,21500139,2
1610612764,101162,62.41571,26.46668,0.0,680.79,16.96,21500139,2
1610612764,101162,62.27756,26.3418,0.0,680.75,16.92,21500139,2
1610612764,101162,62.10682,26.18666,0.0,680.71,16.88,21500139,2
1610612764,101162,61.9495,26.04568,0.0,680.67,16.84,21500139,2
1610612764,101162,61.80974,25.91152,0.0,680.63,16.8,21500139,2
1610612764,101162,61.67606,25.7235,0.0,680.59,16.77,21500139,2
1610612764,101162,61.58132,25.56016,0.0,680.55,16.73,21500139,2
1610612764,101162,61.51734,25.38355,0.0,680.51,16.69,21500139,2
1610612764,101162,61.49289,25.2542,0.0,680.47,16.65,21500139,2
1610612764,101162,61.54867,25.17453,0.0,680.43,16.62,21500139,2
1610612764,101162,61.70412,25.10349,0.0,680.39,16.58,21500139,2
1610612764,101162,61.82757,25.00185,0.0,680.35,16.54,21500139,2
1610612764,101162,61.97489,24.87147,0.0,680.31,16.5,21500139,2
1610612764,101162,62.16108,24.76112,0.0,680.27,16.47,21500139,2
1610612764,101162,62.35846,24.65679,0.0,680.23,16.43,21500139,2
1610612764,101162,62.50785,24.49946,0.0,680.19,16.39,21500139,2
1610612764,101162,62.67467,24.36003,0.0,680.15,16.35,21500139,2
1610612764,101162,62.84446,24.19078,0.0,680.11,16.32,21500139,2
1610612764,101162,63.02343,24.0177,0.0,680.07,16.28,21500139,2
1610612764,101162,63.25922,23.8209,0.0,680.03,16.24,21500139,2
1610612764,101162,63.51309,23.62034,0.0,679.99,16.2,21500139,2
1610612764,101162,63.67153,23.3943,0.0,679.95,16.17,21500139,2
1610612764,101162,63.86366,23.16607,0.0,679.91,16.13,21500139,2
1610612764,101162,63.99926,22.83844,0.0,679.87,16.09,21500139,2
1610612764,101162,64.10407,22.4614,0.0,679.83,16.05,21500139,2
1610612764,101162,64.20058,22.0595,0.0,679.79,16.02,21500139,2
1610612764,101162,64.32598,21.65845,0.0,679.75,15.98,21500139,2
1610612764,101162,64.44405,21.26937,0.0,679.71,15.94,21500139,2
1610612764,101162,64.54224,20.8705,0.0,679.67,15.9,21500139,2
1610612764,101162,64.64736,20.47985,0.0,679.63,15.87,21500139,2
1610612764,101162,64.74664,20.09734,0.0,679.59,15.83,21500139,2
1610612764,101162,64.90388,19.72466,0.0,679.55,15.79,21500139,2
1610612764,101162,65.15594,19.39555,0.0,679.51,15.75,21500139,2
1610612764,101162,65.41403,19.08539,0.0,679.47,15.72,21500139,2
1610612764,101162,65.62748,18.76753,0.0,679.43,15.68,21500139,2
1610612764,101162,65.87037,18.44183,0.0,679.39,15.64,21500139,2
1610612764,101162,66.13938,18.1163,0.0,679.35,15.6,21500139,2
1610612764,101162,66.43972,17.82615,0.0,679.31,15.57,21500139,2
1610612764,101162,66.77087,17.59399,0.0,679.27,15.53,21500139,2
1610612764,101162,67.10318,17.36307,0.0,679.23,15.49,21500139,2
1610612764,101162,67.42628,17.16301,0.0,679.19,15.45,21500139,2
1610612764,101162,67.73168,17.003,0.0,679.15,15.42,21500139,2
1610612764,101162,68.01592,16.84239,0.0,679.11,15.38,21500139,2
1610612764,101162,68.3083,16.68031,0.0,679.07,15.34,21500139,2
1610612764,101162,68.61396,16.5372,0.0,679.03,15.3,21500139,2
1610612764,101162,68.9175,16.41933,0.0,678.99,15.26,21500139,2
1610612764,101162,69.16118,16.29699,0.0,678.95,15.23,21500139,2
1610612764,101162,69.35574,16.16857,0.0,678.91,15.19,21500139,2
1610612764,101162,69.54701,16.021,0.0,678.87,15.15,21500139,2
1610612764,101162,69.76273,15.91224,0.0,678.83,15.11,21500139,2
1610612764,101162,69.96758,15.83499,0.0,678.79,15.08,21500139,2
1610612764,101162,70.17908,15.78205,0.0,678.75,15.04,21500139,2
1610612764,101162,70.3779,15.75148,0.0,678.71,15.0,21500139,2
1610612764,101162,70.59709,15.73937,0.0,678.67,14.97,21500139,2
1610612764,101162,70.82341,15.74855,0.0,678.63,14.93,21500139,2
1610612764,101162,71.06366,15.76135,0.0,678.59,14.89,21500139,2
1610612764,101162,71.32063,15.78384,0.0,678.55,14.85,21500139,2
1610612764,101162,71.61314,15.84586,0.0,678.51,14.82,21500139,2
1610612764,101162,71.90056,15.92251,0.0,678.47,14.78,21500139,2
1610612764,101162,72.18179,16.00097,0.0,678.43,14.74,21500139,2
1610612764,101162,72.45806,16.08275,0.0,678.39,14.7,21500139,2
1610612764,101162,72.74202,16.18452,0.0,678.35,14.66,21500139,2
1610612764,101162,73.02394,16.30939,0.0,678.31,14.63,21500139,2
1610612764,101162,73.3121,16.44433,0.0,678.27,14.59,21500139,2
1610612764,101162,73.57007,16.57348,0.0,678.23,14.55,21500139,2
1610612764,101162,73.8206,16.71014,0.0,678.19,14.51,21500139,2
1610612764,101162,74.07778,16.84694,0.0,678.15,14.48,21500139,2
1610612764,101162,74.33619,16.97995,0.0,678.11,14.44,21500139,2
1610612764,101162,74.5906,17.1246,0.0,678.07,14.4,21500139,2
1610612764,101162,74.832,17.25934,0.0,678.03,14.36,21500139,2
1610612764,101162,75.07065,17.4063,0.0,677.99,14.33,21500139,2
1610612764,101162,75.29921,17.54889,0.0,677.95,14.29,21500139,2
1610612764,101162,75.52854,17.68647,0.0,677.91,14.25,21500139,2
1610612764,101162,75.76194,17.82578,0.0,677.87,14.21,21500139,2
1610612764,101162,75.96838,17.96392,0.0,677.83,14.18,21500139,2
1610612764,101162,76.18555,18.11046,0.0,677.79,14.14,21500139,2
1610612764,101162,76.3968,18.25476,0.0,677.75,14.1,21500139,2
1610612764,101162,76.60263,18.38874,0.0,677.71,14.06,21500139,2
1610612764,101162,76.82524,18.523,0.0,677.67,14.03,21500139,2
1610612764,101162,77.0438,18.66005,0.0,677.63,13.99,21500139,2
1610612764,101162,77.26218,18.78955,0.0,677.59,13.95,21500139,2
1610612764,101162,77.42999,18.96736,0.0,677.55,13.91,21500139,2
1610612764,101162,77.59315,19.15671,0.0,677.51,13.88,21500139,2
1610612764,101162,77.74778,19.33955,0.0,677.47,13.84,21500139,2
1610612764,101162,77.93468,19.50705,0.0,677.43,13.8,21500139,2
1610612764,101162,78.11497,19.67872,0.0,677.39,13.76,21500139,2
1610612764,101162,78.28232,19.85505,0.0,677.35,13.73,21500139,2
1610612764,101162,78.43871,20.03559,0.0,677.31,13.69,21500139,2
1610612764,101162,78.58552,20.21452,0.0,677.27,13.65,21500139,2
1610612764,101162,78.75296,20.39198,0.0,677.23,13.61,21500139,2
1610612764,101162,78.91614,20.57302,0.0,677.19,13.58,21500139,2
1610612764,101162,79.07203,20.75212,0.0,677.15,13.54,21500139,2
1610612764,101162,79.2185,20.9393,0.0,677.11,13.5,21500139,2
1610612764,101162,79.34049,21.13693,0.0,677.07,13.46,21500139,2
1610612764,101162,79.45549,21.34053,0.0,677.03,13.43,21500139,2
1610612764,101162,79.54435,21.55283,0.0,676.99,13.39,21500139,2
1610612764,101162,79.6421,21.71767,0.0,676.95,13.35,21500139,2
1610612764,101162,79.71062,21.87125,0.0,676.91,13.31,21500139,2
1610612764,101162,79.75487,22.03079,0.0,676.87,23.98,21500139,2
1610612764,101162,79.73829,22.22107,0.0,676.83,23.94,21500139,2
1610612764,101162,79.69736,22.40733,0.0,676.79,23.9,21500139,2
1610612764,101162,79.64161,22.59002,0.0,676.75,23.87,21500139,2
1610612764,101162,79.57876,22.78919,0.0,676.71,23.83,21500139,2
1610612764,101162,79.5,22.98581,0.0,676.67,23.8,21500139,2
1610612764,101162,79.38632,23.17817,0.0,676.63,23.76,21500139,2
1610612764,101162,79.28286,23.36208,0.0,676.59,23.73,21500139,2
1610612764,101162,79.14611,23.5504,0.0,676.55,23.69,21500139,2
1610612764,101162,78.93098,23.74989,0.0,676.51,23.65,21500139,2
1610612764,101162,78.68175,23.95005,0.0,676.47,23.62,21500139,2
1610612764,101162,78.39276,24.1413,0.0,676.43,23.58,21500139,2
1610612764,101162,78.08693,24.32506,0.0,676.39,23.55,21500139,2
1610612764,101162,77.77331,24.51916,0.0,676.35,23.51,21500139,2
1610612764,101162,77.43414,24.71908,0.0,676.31,23.47,21500139,2
1610612764,101162,77.07574,24.91533,0.0,676.27,23.44,21500139,2
1610612764,101162,76.69789,25.10049,0.0,676.23,23.4,21500139,2
1610612764,101162,76.30741,25.27788,0.0,676.19,23.37,21500139,2
1610612764,101162,75.89662,25.45449,0.0,676.15,23.33,21500139,2
1610612764,101162,75.46648,25.61657,0.0,676.11,23.3,21500139,2
1610612764,101162,75.0183,25.7896,0.0,676.07,23.26,21500139,2
1610612764,101162,74.56817,25.96197,0.0,676.03,23.22,21500139,2
1610612764,101162,74.06551,26.14254,0.0,675.99,23.19,21500139,2
1610612764,101162,73.55254,26.31739,0.0,675.95,23.15,21500139,2
1610612764,101162,73.08679,26.4631,0.0,675.91,23.12,21500139,2
1610612764,101162,72.59887,26.61543,0.0,675.87,23.08,21500139,2
1610612764,101162,72.10911,26.76366,0.0,675.83,23.04,21500139,2
1610612764,101162,71.61183,26.91511,0.0,675.79,23.01,21500139,2
1610612764,101162,71.10814,27.05941,0.0,675.75,22.97,21500139,2
1610612764,101162,70.56591,27.18802,0.0,675.71,22.94,21500139,2
1610612764,101162,70.04062,27.31545,0.0,675.67,22.9,21500139,2
1610612764,101162,69.49123,27.43678,0.0,675.63,22.86,21500139,2
1610612764,101162,68.91013,27.54847,0.0,675.59,22.83,21500139,2
1610612764,101162,68.34747,27.65911,0.0,675.55,22.79,21500139,2
1610612764,101162,67.78814,27.76847,0.0,675.51,22.76,21500139,2
1610612764,101162,67.20378,27.85413,0.0,675.47,22.72,21500139,2
1610612764,101162,66.6094,27.93696,0.0,675.43,22.69,21500139,2
1610612764,101162,66.00468,28.00826,0.0,675.39,22.65,21500139,2
1610612764,101162,65.37522,28.08883,0.0,675.35,22.61,21500139,2
1610612764,101162,64.73109,28.17652,0.0,675.31,22.58,21500139,2
1610612764,101162,64.09231,28.24106,0.0,675.27,22.54,21500139,2
1610612764,101162,63.45847,28.30413,0.0,675.23,22.5,21500139,2
1610612764,101162,62.83729,28.35735,0.0,675.19,22.47,21500139,2
1610612764,101162,62.20484,28.40088,0.0,675.15,22.43,21500139,2
1610612764,101162,61.58531,28.45559,0.0,675.11,22.4,21500139,2
1610612764,101162,60.94038,28.49978,0.0,675.07,22.36,21500139,2
1610612764,101162,60.30811,28.54531,0.0,675.03,22.33,21500139,2
1610612764,101162,59.68547,28.59487,0.0,674.99,22.29,21500139,2
1610612764,101162,59.0294,28.6344,0.0,674.95,22.25,21500139,2
1610612764,101162,58.35496,28.6564,0.0,674.91,22.22,21500139,2
1610612764,101162,57.69319,28.68352,0.0,674.87,22.18,21500139,2
1610612764,101162,57.0212,28.70725,0.0,674.83,22.15,21500139,2
1610612764,101162,56.3462,28.7318,0.0,674.79,22.11,21500139,2
1610612764,101162,55.68983,28.73226,0.0,674.75,22.07,21500139,2
1610612764,101162,55.02931,28.72914,0.0,674.71,22.04,21500139,2
1610612764,101162,54.3631,28.72298,0.0,674.67,22.0,21500139,2
1610612764,101162,53.68377,28.714,0.0,674.63,21.97,21500139,2
1610612764,101162,52.97874,28.7095,0.0,674.59,21.93,21500139,2
1610612764,101162,52.27162,28.70718,0.0,674.55,21.89,21500139,2
1610612764,101162,51.58314,28.6991,0.0,674.51,21.86,21500139,2
1610612764,101162,50.90625,28.70007,0.0,674.47,21.82,21500139,2
1610612764,101162,50.22927,28.70524,0.0,674.43,21.79,21500139,2
1610612764,101162,49.55842,28.71182,0.0,674.39,21.75,21500139,2
1610612764,101162,48.88544,28.71518,0.0,674.35,21.72,21500139,2
1610612764,101162,48.20386,28.72623,0.0,674.31,21.68,21500139,2
1610612764,101162,47.51165,28.72712,0.0,674.27,21.64,21500139,2
1610612764,101162,46.82056,28.73387,0.0,674.23,21.61,21500139,2
1610612764,101162,46.13463,28.74572,0.0,674.19,21.57,21500139,2
1610612764,101162,45.44944,28.75903,0.0,674.15,21.54,21500139,2
1610612764,101162,44.76537,28.77304,0.0,674.11,21.5,21500139,2
1610612764,101162,44.07939,28.79508,0.0,674.07,21.46,21500139,2
1610612764,101162,43.38831,28.81772,0.0,674.03,21.43,21500139,2
1610612764,101162,42.70095,28.84153,0.0,673.99,21.39,21500139,2
1610612764,101162,42.00892,28.8647,0.0,673.95,21.36,21500139,2
1610612764,101162,41.32732,28.87434,0.0,673.91,21.32,21500139,2
1610612764,101162,40.63481,28.86835,0.0,673.87,21.29,21500139,2
1610612764,101162,39.94313,28.86664,0.0,673.83,21.25,21500139,2
1610612764,101162,39.24512,28.86499,0.0,673.79,21.21,21500139,2
1610612764,101162,38.55601,28.86633,0.0,673.75,21.18,21500139,2
1610612764,101162,37.86655,28.8748,0.0,673.71,21.14,21500139,2
1610612764,101162,37.19118,28.90162,0.0,673.67,21.11,21500139,2
1610612764,101162,36.52455,28.92463,0.0,673.63,21.07,21500139,2
1610612764,101162,35.8453,28.93358,0.0,673.59,21.03,21500139,2
1610612764,101162,35.16107,28.93815,0.0,673.55,21.0,21500139,2
1610612764,101162,34.48601,28.94028,0.0,673.51,20.96,21500139,2
1610612764,101162,33.8114,28.94391,0.0,673.47,20.93,21500139,2
1610612764,101162,33.1398,28.95095,0.0,673.43,20.89,21500139,2
1610612764,101162,32.47427,28.94769,0.0,673.39,20.85,21500139,2
1610612764,101162,31.82211,28.94248,0.0,673.35,20.82,21500139,2
1610612764,101162,31.17356,28.95192,0.0,673.31,20.78,21500139,2
1610612764,101162,30.52782,28.96303,0.0,673.27,20.75,21500139,2
1610612764,101162,29.88676,28.96727,0.0,673.23,20.71,21500139,2
1610612764,101162,29.25298,28.96542,0.0,673.19,20.68,21500139,2
1610612764,101162,28.61966,28.96316,0.0,673.15,20.64,21500139,2
1610612764,101162,27.99044,28.95848,0.0,673.11,20.6,21500139,2
1610612764,101162,27.36094,28.93657,0.0,673.07,20.57,21500139,2
1610612764,101162,26.73237,28.9128,0.0,673.03,20.53,21500139,2
1610612764,101162,26.12678,28.88896,0.0,672.99,20.49,21500139,2
1610612764,101162,25.52058,28.86418,0.0,672.95,20.46,21500139,2
1610612764,101162,24.89159,28.84634,0.0,672.91,20.42,21500139,2
1610612764,101162,24.27794,28.83677,0.0,672.87,20.39,21500139,2
1610612764,101162,23.67015,28.80336,0.0,672.83,20.35,21500139,2
1610612764,101162,23.06311,28.7648,0.0,672.79,20.32,21500139,2
1610612764,101162,22.48551,28.69526,0.0,672.75,20.28,21500139,2
1610612764,101162,21.8598,28.64786,0.0,672.71,20.24,21500139,2
1610612764,101162,21.28487,28.53871,0.0,672.67,20.21,21500139,2
1610612764,101162,20.73011,28.42741,0.0,672.63,20.17,21500139,2
1610612764,101162,20.13675,28.33531,0.0,672.59,20.14,21500139,2
1610612764,101162,19.57232,28.21774,0.0,672.55,20.1,21500139,2
1610612764,101162,19.06047,28.07559,0.0,672.51,20.07,21500139,2
1610612764,101162,18.5424,27.92514,0.0,672.47,20.03,21500139,2
1610612764,101162,18.02987,27.76925,0.0,672.43,19.99,21500139,2
1610612764,101162,17.52723,27.60565,0.0,672.39,19.96,21500139,2
1610612764,101162,17.05987,27.43969,0.0,672.35,19.92,21500139,2
1610612764,101162,16.57929,27.26929,0.0,672.31,19.89,21500139,2
1610612764,101162,16.05604,27.07212,0.0,672.27,19.85,21500139,2
1610612764,101162,15.55341,26.87868,0.0,672.23,19.81,21500139,2
1610612764,101162,15.08422,26.69302,0.0,672.19,19.78,21500139,2
1610612764,101162,14.61322,26.46629,0.0,672.15,19.74,21500139,2
1610612764,101162,14.17433,26.21047,0.0,672.11,19.71,21500139,2
1610612764,101162,13.73549,25.9998,0.0,672.07,19.67,21500139,2
1610612764,101162,13.30733,25.77771,0.0,672.03,19.63,21500139,2
1610612764,101162,12.94788,25.51646,0.0,671.99,19.6,21500139,2
1610612764,101162,12.56627,25.27703,0.0,671.95,19.56,21500139,2
1610612764,101162,12.19555,25.07576,0.0,671.91,19.53,21500139,2
1610612764,101162,11.83109,24.83581,0.0,671.87,19.49,21500139,2
1610612764,101162,11.50203,24.56991,0.0,671.83,19.46,21500139,2
1610612764,101162,11.162,24.32388,0.0,671.79,19.42,21500139,2
1610612764,101162,10.83229,24.0867,0.0,671.75,19.38,21500139,2
1610612764,101162,10.63179,23.80574,0.0,671.71,19.35,21500139,2
1610612764,101162,10.41893,23.52662,0.0,671.67,19.31,21500139,2
1610612764,101162,10.25851,23.21326,0.0,671.63,19.28,21500139,2
1610612764,101162,10.09726,22.88046,0.0,671.59,19.24,21500139,2
1610612764,101162,9.94121,22.5991,0.0,671.55,19.2,21500139,2
1610612764,101162,9.82467,22.29958,0.0,671.51,19.17,21500139,2
1610612764,101162,9.69625,22.00033,0.0,671.47,19.13,21500139,2
1610612764,101162,9.57621,21.70389,0.0,671.43,19.1,21500139,2
1610612764,101162,9.46485,21.42992,0.0,671.39,19.06,21500139,2
1610612764,101162,9.38567,21.14269,0.0,671.35,19.02,21500139,2
1610612764,101162,9.28893,20.84478,0.0,671.31,18.99,21500139,2
1610612764,101162,9.2857,20.56764,0.0,671.27,18.95,21500139,2
1610612764,101162,9.22012,20.33523,0.0,671.23,18.92,21500139,2
1610612764,101162,9.1928,20.05594,0.0,671.19,18.88,21500139,2
1610612764,101162,9.17129,19.76194,0.0,671.15,18.85,21500139,2
1610612764,101162,9.09402,19.47209,0.0,671.11,18.81,21500139,2
1610612764,101162,9.08936,19.20016,0.0,671.07,18.77,21500139,2
1610612764,101162,9.04362,18.97675,0.0,671.03,18.74,21500139,2
1610612764,101162,8.97517,18.77354,0.0,670.99,18.7,21500139,2
1610612764,101162,8.91477,18.56745,0.0,670.95,18.67,21500139,2
1610612764,101162,8.86379,18.41458,0.0,670.91,18.63,21500139,2
1610612764,101162,8.8254,18.20797,0.0,670.87,18.59,21500139,2
1610612764,101162,8.84032,18.00831,0.0,670.83,18.56,21500139,2
1610612764,101162,8.83172,17.79281,0.0,670.79,18.52,21500139,2
1610612764,101162,8.83212,17.5882,0.0,670.75,18.49,21500139,2
1610612764,101162,8.81384,17.36655,0.0,670.71,18.45,21500139,2
1610612764,101162,8.72575,17.19652,0.0,670.67,18.41,21500139,2
1610612764,101162,8.69186,16.99621,0.0,670.63,18.38,21500139,2
1610612764,101162,8.65052,16.82523,0.0,670.59,18.34,21500139,2
1610612764,101162,8.60321,16.65712,0.0,670.55,18.31,21500139,2
1610612764,101162,8.55273,16.5114,0.0,670.51,18.27,21500139,2
1610612764,101162,8.50806,16.34942,0.0,670.47,18.24,21500139,2
1610612764,101162,8.46461,16.17599,0.0,670.43,18.2,21500139,2
1610612764,101162,8.45332,16.00579,0.0,670.39,18.16,21500139,2
1610612764,101162,8.43132,15.8459,0.0,670.35,18.13,21500139,2
1610612764,101162,8.40926,15.64539,0.0,670.31,18.09,21500139,2
1610612764,101162,8.37268,15.51222,0.0,670.27,18.06,21500139,2
1610612764,101162,8.28426,15.37531,0.0,670.23,18.02,21500139,2
1610612764,101162,8.21928,15.24586,0.0,670.19,17.98,21500139,2
1610612764,101162,8.14182,15.11772,0.0,670.15,17.95,21500139,2
1610612764,101162,8.07544,14.99436,0.0,670.11,17.91,21500139,2
1610612764,101162,8.02028,14.84662,0.0,670.07,17.88,21500139,2
1610612764,101162,7.96471,14.71289,0.0,670.03,17.84,21500139,2
1610612764,101162,7.92161,14.57683,0.0,669.99,17.81,21500139,2
1610612764,101162,7.87839,14.45315,0.0,669.95,17.77,21500139,2
1610612764,101162,7.83393,14.33679,0.0,669.91,17.73,21500139,2
1610612764,101162,7.7817,14.23818,0.0,669.87,17.7,21500139,2
1610612764,101162,7.73562,14.15233,0.0,669.83,17.66,21500139,2
1610612764,101162,7.68321,14.05934,0.0,669.79,17.63,21500139,2
1610612764,101162,7.63422,13.97643,0.0,669.75,17.59,21500139,2
1610612764,101162,7.59012,13.89386,0.0,669.71,17.55,21500139,2
1610612764,101162,7.54514,13.81784,0.0,669.67,17.52,21500139,2
1610612764,101162,7.49786,13.74385,0.0,669.63,17.48,21500139,2
1610612764,101162,7.45492,13.67669,0.0,669.59,17.45,21500139,2
1610612764,101162,7.41796,13.61208,0.0,669.55,17.41,21500139,2
1610612764,101162,7.38739,13.55058,0.0,669.51,17.37,21500139,2
1610612764,101162,7.36005,13.48615,0.0,669.47,17.34,21500139,2
1610612764,101162,7.3389,13.423,0.0,669.43,17.3,21500139,2
1610612764,101162,7.31272,13.37506,0.0,669.39,17.27,21500139,2
1610612764,101162,7.29269,13.32906,0.0,669.35,17.23,21500139,2
1610612764,101162,7.27372,13.29246,0.0,669.31,17.2,21500139,2
1610612764,101162,7.27079,13.25039,0.0,669.27,17.16,21500139,2
1610612764,101162,7.26892,13.21211,0.0,669.23,17.12,21500139,2
1610612764,101162,7.26642,13.18203,0.0,669.19,17.09,21500139,2
1610612764,101162,7.26186,13.15722,0.0,669.15,17.05,21500139,2
1610612764,101162,7.25624,13.14449,0.0,669.11,17.02,21500139,2
1610612764,101162,7.25366,13.13323,0.0,669.07,16.98,21500139,2
1610612764,101162,7.24968,13.1293,0.0,669.03,16.94,21500139,2
1610612764,101162,7.24397,13.12933,0.0,668.99,16.91,21500139,2
1610612764,101162,7.2364,13.13933,0.0,668.95,16.87,21500139,2
1610612764,101162,7.21627,13.15712,0.0,668.91,16.84,21500139,2
1610612764,101162,7.19568,13.18724,0.0,668.87,16.8,21500139,2
1610612764,101162,7.16923,13.22502,0.0,668.83,16.76,21500139,2
1610612764,101162,7.1372,13.26875,0.0,668.79,16.73,21500139,2
1610612764,101162,7.0961,13.31904,0.0,668.75,16.69,21500139,2
1610612764,101162,7.04902,13.37429,0.0,668.71,16.66,21500139,2
1610612764,101162,6.99571,13.43963,0.0,668.67,16.62,21500139,2
1610612764,101162,6.93985,13.51089,0.0,668.63,16.59,21500139,2
1610612764,101162,6.88255,13.58657,0.0,668.59,16.55,21500139,2
1610612764,101162,6.82769,13.66877,0.0,668.55,16.51,21500139,2
1610612764,101162,6.77097,13.7577,0.0,668.51,16.48,21500139,2
1610612764,101162,6.71209,13.8597,0.0,668.47,16.44,21500139,2
1610612764,101162,6.65573,13.96685,0.0,668.43,16.41,21500139,2
1610612764,101162,6.6025,14.07999,0.0,668.39,16.37,21500139,2
1610612764,101162,6.55403,14.19784,0.0,668.35,16.33,21500139,2
1610612764,101162,6.51672,14.31962,0.0,668.31,16.3,21500139,2
1610612764,101162,6.47802,14.44684,0.0,668.27,16.26,21500139,2
1610612764,101162,6.44718,14.57608,0.0,668.23,16.23,21500139,2
1610612764,101162,6.41817,14.70708,0.0,668.19,16.19,21500139,2
1610612764,101162,6.3915,14.83943,0.0,668.15,16.15,21500139,2
1610612764,101162,6.36904,14.97284,0.0,668.11,16.12,21500139,2
1610612764,101162,6.35096,15.10344,0.0,668.07,16.08,21500139,2
1610612764,101162,6.33022,15.23523,0.0,668.03,16.05,21500139,2
1610612764,101162,6.31037,15.37014,0.0,667.99,16.01,21500139,2
1610612764,101162,6.28614,15.50903,0.0,667.95,15.98,21500139,2
1610612764,101162,6.26413,15.64547,0.0,667.91,15.94,21500139,2
1610612764,101162,6.2477,15.78078,0.0,667.87,15.9,21500139,2
1610612764,101162,6.2337,15.91901,0.0,667.83,15.87,21500139,2
1610612764,101162,6.22035,16.06646,0.0,667.79,15.83,21500139,2
1610612764,101162,6.21219,16.21438,0.0,667.75,15.8,21500139,2
1610612764,101162,6.26767,16.32813,0.0,667.71,15.76,21500139,2
1610612764,101162,6.29007,16.46973,0.0,667.67,15.72,21500139,2
1610612764,101162,6.30791,16.62232,0.0,667.63,15.69,21500139,2
1610612764,101162,6.33772,16.78095,0.0,667.59,15.65,21500139,2
1610612764,101162,6.37137,16.94937,0.0,667.55,15.62,21500139,2
1610612764,101162,6.39893,17.12551,0.0,667.51,15.58,21500139,2
1610612764,101162,6.43174,17.30713,0.0,667.47,15.54,21500139,2
1610612764,101162,6.46694,17.49681,0.0,667.43,15.51,21500139,2
1610612764,101162,6.50016,17.69917,0.0,667.39,15.47,21500139,2
1610612764,101162,6.54809,17.89894,0.0,667.35,15.44,21500139,2
1610612764,101162,6.58873,18.10792,0.0,667.31,15.4,21500139,2
1610612764,101162,6.62478,18.31767,0.0,667.27,15.37,21500139,2
1610612764,101162,6.65619,18.55681,0.0,667.23,15.33,21500139,2
1610612764,101162,6.69191,18.82337,0.0,667.19,15.29,21500139,2
1610612764,101162,6.7281,19.12284,0.0,667.15,15.26,21500139,2
1610612764,101162,6.69297,19.45335,0.0,667.11,15.22,21500139,2
1610612764,101162,6.69726,19.74385,0.0,667.07,15.19,21500139,2
1610612764,101162,6.72137,20.00836,0.0,667.03,15.15,21500139,2
1610612764,101162,6.78252,20.27918,0.0,666.99,15.12,21500139,2
1610612764,101162,6.85595,20.6021,0.0,666.95,15.08,21500139,2
1610612764,101162,6.96287,20.89506,0.0,666.91,15.04,21500139,2
1610612764,101162,7.00321,21.13547,0.0,666.87,15.01,21500139,2
1610612764,101162,6.98275,21.31993,0.0,666.83,14.97,21500139,2
1610612764,101162,6.95931,21.54084,0.0,666.79,14.93,21500139,2
1610612764,101162,6.9668,21.72523,0.0,666.75,14.9,21500139,2
1610612764,101162,6.96471,21.85709,0.0,666.71,14.86,21500139,2
1610612764,101162,6.98139,21.95798,0.0,666.67,14.83,21500139,2
1610612764,101162,6.99223,22.01819,0.0,666.63,14.79,21500139,2
1610612764,101162,7.00156,22.0151,0.0,666.59,14.76,21500139,2
1610612764,101162,7.01449,21.96121,0.0,666.55,14.72,21500139,2
1610612764,101162,7.0412,21.88657,0.0,666.51,14.68,21500139,2
1610612764,101162,7.06358,21.79705,0.0,666.47,14.65,21500139,2
1610612764,101162,7.0686,21.68477,0.0,666.43,14.61,21500139,2
1610612764,101162,7.01242,21.53268,0.0,666.39,14.58,21500139,2
1610612764,101162,6.93512,21.29228,0.0,666.35,14.54,21500139,2
1610612764,101162,6.85067,21.05352,0.0,666.31,14.51,21500139,2
1610612764,101162,6.85091,20.8635,0.0,666.27,14.47,21500139,2
1610612764,101162,6.87434,20.64608,0.0,666.23,14.43,21500139,2
1610612764,101162,6.91652,20.3501,0.0,666.19,14.4,21500139,2
1610612764,101162,6.95417,20.09965,0.0,666.15,14.36,21500139,2
1610612764,101162,6.99545,19.83911,0.0,666.11,14.33,21500139,2
1610612764,101162,7.01326,19.58523,0.0,666.07,14.29,21500139,2
1610612764,101162,7.08423,19.32564,0.0,666.03,14.25,21500139,2
1610612764,101162,7.12862,19.00468,0.0,665.99,14.22,21500139,2
1610612764,101162,7.13859,18.70168,0.0,665.95,14.18,21500139,2
1610612764,101162,7.14574,18.39203,0.0,665.91,14.15,21500139,2
1610612764,101162,7.1514,18.06815,0.0,665.87,14.11,21500139,2
1610612764,101162,7.15966,17.74024,0.0,665.83,14.07,21500139,2
1610612764,101162,7.19744,17.43552,0.0,665.79,14.04,21500139,2
1610612764,101162,7.21815,17.07968,0.0,665.75,14.0,21500139,2
1610612764,101162,7.22616,16.7055,0.0,665.71,13.97,21500139,2
1610612764,101162,7.21799,16.29503,0.0,665.67,13.93,21500139,2
1610612764,101162,7.25537,15.92902,0.0,665.63,13.9,21500139,2
1610612764,101162,7.28863,15.56636,0.0,665.59,13.86,21500139,2
1610612764,101162,7.29668,15.17398,0.0,665.55,13.82,21500139,2
1610612764,101162,7.32291,14.81108,0.0,665.51,13.79,21500139,2
1610612764,101162,7.36404,14.443,0.0,665.47,13.75,21500139,2
1610612764,101162,7.32331,14.08386,0.0,665.43,13.72,21500139,2
1610612764,101162,7.33964,13.78863,0.0,665.39,13.68,21500139,2
1610612764,101162,7.38057,13.46185,0.0,665.35,13.64,21500139,2
1610612764,101162,7.42679,13.13139,0.0,665.31,13.61,21500139,2
1610612764,101162,7.46165,12.82219,0.0,665.27,13.57,21500139,2
1610612764,101162,7.48574,12.53445,0.0,665.23,13.54,21500139,2
1610612764,101162,7.48886,12.22749,0.0,665.19,13.5,21500139,2
1610612764,101162,7.51974,11.97701,0.0,665.15,13.46,21500139,2
1610612764,101162,7.53436,11.75362,0.0,665.11,13.43,21500139,2
1610612764,101162,7.53393,11.54897,0.0,665.07,13.39,21500139,2
1610612764,101162,7.52365,11.36963,0.0,665.03,13.36,21500139,2
1610612764,101162,7.50509,11.18877,0.0,664.99,13.32,21500139,2
1610612764,101162,7.46916,10.9895,0.0,664.95,13.28,21500139,2
1610612764,101162,7.4319,10.79328,0.0,664.91,13.25,21500139,2
1610612764,101162,7.36901,10.6006,0.0,664.87,13.21,21500139,2
1610612764,101162,7.33637,10.40136,0.0,664.83,13.18,21500139,2
1610612764,101162,7.27273,10.20161,0.0,664.79,13.14,21500139,2
1610612764,101162,7.20254,10.01398,0.0,664.75,13.11,21500139,2
1610612764,101162,7.13438,9.84328,0.0,664.71,13.07,21500139,2
1610612764,101162,7.07532,9.6697,0.0,664.67,13.03,21500139,2
1610612764,101162,7.02954,9.50642,0.0,664.63,13.0,21500139,2
1610612764,101162,6.97908,9.353,0.0,664.59,12.96,21500139,2
1610612764,101162,6.92981,9.21374,0.0,664.55,12.93,21500139,2
1610612764,101162,6.89621,9.0791,0.0,664.51,12.89,21500139,2
1610612764,101162,6.87328,8.95396,0.0,664.47,12.85,21500139,2
1610612764,101162,6.84615,8.82549,0.0,664.43,12.82,21500139,2
1610612764,101162,6.81885,8.72269,0.0,664.39,12.78,21500139,2
1610612764,101162,6.79821,8.65254,0.0,664.35,12.75,21500139,2
1610612764,101162,6.77106,8.60269,0.0,664.31,12.71,21500139,2
1610612764,101162,6.75908,8.56207,0.0,664.27,12.68,21500139,2
1610612764,101162,6.75774,8.5268,0.0,664.23,12.64,21500139,2
1610612764,101162,6.75305,8.5077,0.0,664.19,12.6,21500139,2
1610612764,101162,6.76424,8.49738,0.0,664.15,12.57,21500139,2
1610612764,101162,6.76458,8.50303,0.0,664.11,12.53,21500139,2
1610612764,101162,6.7669,8.52232,0.0,664.07,12.5,21500139,2
1610612764,101162,6.77053,8.54826,0.0,664.03,12.46,21500139,2
1610612764,101162,6.78351,8.58905,0.0,663.99,12.42,21500139,2
1610612764,101162,6.80144,8.63083,0.0,663.95,12.39,21500139,2
1610612764,101162,6.81307,8.67847,0.0,663.91,12.35,21500139,2
1610612764,101162,6.82179,8.72861,0.0,663.87,12.32,21500139,2
1610612764,101162,6.83755,8.78248,0.0,663.83,12.28,21500139,2
1610612764,101162,6.85812,8.83826,0.0,663.79,12.25,21500139,2
1610612764,101162,6.88051,8.89433,0.0,663.75,12.21,21500139,2
1610612764,101162,6.90265,8.95207,0.0,663.71,12.17,21500139,2
1610612764,101162,6.93677,9.01646,0.0,663.67,12.14,21500139,2
1610612764,101162,6.97048,9.08266,0.0,663.63,12.1,21500139,2
1610612764,101162,7.00064,9.15333,0.0,663.59,12.07,21500139,2
1610612764,101162,7.02242,9.22479,0.0,663.55,12.03,21500139,2
1610612764,101162,7.05269,9.29313,0.0,663.51,11.99,21500139,2
1610612764,101162,7.09019,9.36344,0.0,663.47,11.96,21500139,2
1610612764,101162,7.12558,9.43318,0.0,663.43,11.92,21500139,2
1610612764,101162,7.1655,9.49961,0.0,663.39,11.89,21500139,2
1610612764,101162,7.19449,9.57543,0.0,663.35,11.85,21500139,2
1610612764,101162,7.2275,9.6522,0.0,663.31,11.81,21500139,2
1610612764,101162,7.27241,9.73154,0.0,663.27,11.78,21500139,2
1610612764,101162,7.33505,9.80592,0.0,663.23,11.74,21500139,2
1610612764,101162,7.39563,9.88043,0.0,663.19,11.71,21500139,2
1610612764,101162,7.47298,9.95507,0.0,663.15,11.67,21500139,2
1610612764,101162,7.56352,10.03228,0.0,663.11,11.63,21500139,2
1610612764,101162,7.64624,10.11784,0.0,663.07,11.6,21500139,2
1610612764,101162,7.73787,10.20719,0.0,663.03,11.56,21500139,2
1610612764,101162,7.84585,10.30052,0.0,662.99,11.53,21500139,2
1610612764,101162,7.95941,10.40089,0.0,662.95,11.49,21500139,2
1610612764,101162,8.07132,10.50515,0.0,662.91,11.46,21500139,2
1610612764,101162,8.1912,10.61264,0.0,662.87,11.42,21500139,2
1610612764,101162,8.31993,10.72183,0.0,662.83,11.38,21500139,2
1610612764,101162,8.46564,10.83639,0.0,662.79,11.35,21500139,2
1610612764,101162,8.62329,10.94739,0.0,662.75,11.31,21500139,2
1610612764,101162,8.78623,11.06135,0.0,662.71,11.28,21500139,2
1610612764,101162,8.94952,11.17341,0.0,662.67,11.24,21500139,2
1610612764,101162,9.10342,11.29459,0.0,662.63,11.2,21500139,2
1610612764,101162,9.2669,11.41917,0.0,662.59,11.17,21500139,2
1610612764,101162,9.42133,11.54792,0.0,662.55,11.13,21500139,2
1610612764,101162,9.57843,11.6699,0.0,662.51,11.1,21500139,2
1610612764,101162,9.74509,11.786,0.0,662.47,11.06,21500139,2
1610612764,101162,9.90967,11.90364,0.0,662.43,11.03,21500139,2
1610612764,101162,10.07348,12.0173,0.0,662.39,10.99,21500139,2
1610612764,101162,10.2425,12.13689,0.0,662.35,10.95,21500139,2
1610612764,101162,10.42223,12.2554,0.0,662.31,10.92,21500139,2
1610612764,101162,10.60311,12.3715,0.0,662.27,10.88,21500139,2
1610612764,101162,10.7855,12.49094,0.0,662.23,10.85,21500139,2
1610612764,101162,10.95794,12.60332,0.0,662.19,10.81,21500139,2
1610612764,101162,11.13237,12.71135,0.0,662.15,10.77,21500139,2
1610612764,101162,11.32158,12.82412,0.0,662.11,10.74,21500139,2
1610612764,101162,11.5631,12.91123,0.0,662.07,10.7,21500139,2
1610612764,101162,11.76144,13.01701,0.0,662.03,10.67,21500139,2
1610612764,101162,12.01023,13.09601,0.0,661.99,10.63,21500139,2
1610612764,101162,12.26238,13.17263,0.0,661.95,10.59,21500139,2
1610612764,101162,12.45447,13.26303,0.0,661.91,10.56,21500139,2
1610612764,101162,12.64579,13.35278,0.0,661.87,10.52,21500139,2
1610612764,101162,12.83555,13.44128,0.0,661.83,10.49,21500139,2
1610612764,101162,13.01983,13.53098,0.0,661.79,10.45,21500139,2
1610612764,101162,13.19405,13.61304,0.0,661.75,10.42,21500139,2
1610612764,101162,13.37528,13.68864,0.0,661.71,10.38,21500139,2
1610612764,101162,13.54794,13.76803,0.0,661.67,10.34,21500139,2
1610612764,101162,13.71074,13.84926,0.0,661.63,10.31,21500139,2
1610612764,101162,13.90914,13.93177,0.0,661.59,10.27,21500139,2
1610612764,101162,14.06633,14.02526,0.0,661.55,10.24,21500139,2
1610612764,101162,14.20808,14.1064,0.0,661.51,10.2,21500139,2
1610612764,101162,14.29891,14.21342,0.0,661.47,10.16,21500139,2
1610612764,101162,14.43517,14.29626,0.0,661.43,10.13,21500139,2
1610612764,101162,14.52195,14.40187,0.0,661.39,10.09,21500139,2
1610612764,101162,14.6071,14.50153,0.0,661.35,10.06,21500139,2
1610612764,101162,14.74639,14.58896,0.0,661.31,10.02,21500139,2
1610612764,101162,14.88301,14.6782,0.0,661.27,9.98,21500139,2
1610612764,101162,15.02299,14.76226,0.0,661.23,9.95,21500139,2
1610612764,101162,15.17045,14.8464,0.0,661.19,9.91,21500139,2
1610612764,101162,15.323,14.93205,0.0,661.15,9.88,21500139,2
1610612764,101162,15.46411,15.02234,0.0,661.11,9.84,21500139,2
1610612764,101162,15.60756,15.11448,0.0,661.07,9.81,21500139,2
1610612764,101162,15.75658,15.20126,0.0,661.03,9.77,21500139,2
1610612764,101162,15.8632,15.29254,0.0,660.99,9.73,21500139,2
1610612764,101162,16.01076,15.37695,0.0,660.95,9.7,21500139,2
1610612764,101162,16.16202,15.46588,0.0,660.91,9.66,21500139,2
1610612764,101162,16.31466,15.56208,0.0,660.87,9.63,21500139,2
1610612764,101162,16.42572,15.67302,0.0,660.83,9.59,21500139,2
1610612764,101162,16.56139,15.77725,0.0,660.79,9.55,21500139,2
1610612764,101162,16.71884,15.89225,0.0,660.75,9.52,21500139,2
1610612764,101162,16.88362,16.01111,0.0,660.71,9.48,21500139,2
1610612764,101162,17.04951,16.13197,0.0,660.67,9.45,21500139,2
1610612764,101162,17.23117,16.26672,0.0,660.63,9.41,21500139,2
1610612764,101162,17.41319,16.40737,0.0,660.59,9.37,21500139,2
1610612764,101162,17.59772,16.54921,0.0,660.55,9.34,21500139,2
1610612764,101162,17.8371,16.7075,0.0,660.51,9.3,21500139,2
1610612764,101162,18.02358,16.85575,0.0,660.47,9.27,21500139,2
1610612764,101162,18.22359,17.02071,0.0,660.43,9.23,21500139,2
